Flight Number,From,To,Aircraft,STD,Optimal_STD,Predicted_Delay,CascadingDelay,TotalPredictedDelay,Runway,FlightType
AI2509,Mumbai (BOM),Chandigarh (IXC),A20N (VT-EXU),06:00:00,05:55:35,4.405,0.0,4.405,R1,Domestic
AI2509,Mumbai (BOM),Chandigarh (IXC),A20N (VT-RTJ),06:00:00,06:08:42,-8.715,90.30364292752563,81.58864292752563,R2,Domestic
AI2509,Mumbai (BOM),Chandigarh (IXC),A20N (VT-TQB),06:00:00,05:55:35,4.405,39.50237080636348,43.90737080636348,R3,Domestic
AI2509,Mumbai (BOM),Chandigarh (IXC),A20N (VT-RTU),06:00:00,04:53:07,66.875,27.3882766132786,94.2632766132786,R1,Domestic
AI2509,Mumbai (BOM),Chandigarh (IXC),A20N (VT-EXK),06:00:00,06:08:24,-8.405,0.0,-8.405,R2,Domestic
AI2509,Mumbai (BOM),Chandigarh (IXC),A20N (VT-EXM),05:30:00,05:28:39,1.3375,5.087888757438155,6.425388757438155,R3,Domestic
AI2509,Mumbai (BOM),Chandigarh (IXC),A20N (VT-EXL),06:00:00,05:58:50,1.16,1.7951630582604203,2.9551630582604203,R1,Domestic
AI2625,Mumbai (BOM),Hyderabad (HYD),A20N (VT-TQW),06:00:00,05:53:49,6.177333333333333,60.33692593439818,66.51425926773152,R2,Domestic
AI2625,Mumbai (BOM),Hyderabad (HYD),A20N (VT-TQH),06:00:00,05:56:52,3.13,0.0,3.13,R3,Domestic
AI2625,Mumbai (BOM),Hyderabad (HYD),A20N (VT-EXV),06:00:00,05:54:04,5.93,36.93750185113771,42.86750185113771,R1,Domestic
AI2625,Mumbai (BOM),Hyderabad (HYD),A20N (VT-TQF),06:00:00,05:53:07,6.875,0.0,6.875,R2,Domestic
AI2625,Mumbai (BOM),Hyderabad (HYD),A20N (VT-TNU),06:00:00,05:54:04,5.925,0.0,5.925,R3,Domestic
AI2625,Mumbai (BOM),Hyderabad (HYD),A20N (VT-EXV),06:00:00,06:05:03,-5.063416666666668,53.59288630064025,48.529469633973584,R1,Domestic
AI2625,Mumbai (BOM),Hyderabad (HYD),A20N (VT-TQB),06:00:00,05:54:18,5.69,0.0,5.69,R2,Domestic
6E762,Mumbai (BOM),Delhi (DEL),A21N (VT-NCB),06:00:00,06:07:59,-7.9925,0.0,-7.9925,R3,Domestic
6E762,Mumbai (BOM),Delhi (DEL),A21N (VT-IWQ),06:00:00,05:56:40,3.328333333333333,0.0,3.328333333333333,R1,Domestic
6E762,Mumbai (BOM),Delhi (DEL),A21N (VT-NCA),06:00:00,05:45:51,14.135,10.882611883814313,25.01761188381431,R2,Domestic
6E762,Mumbai (BOM),Delhi (DEL),A21N (VT-ICF),06:00:00,06:07:59,-7.9925,22.317834925825633,14.325334925825633,R3,Domestic
6E762,Mumbai (BOM),Delhi (DEL),A21N (VT-NCR),06:00:00,06:09:23,-9.386666666666667,0.0,-9.386666666666667,R1,Domestic
6E762,Mumbai (BOM),Delhi (DEL),A21N (VT-NCA),06:00:00,06:19:48,-19.81,10.326689776618245,-9.483310223381753,R2,Domestic
6E762,Mumbai (BOM),Delhi (DEL),A21N (VT-NCG),06:00:00,06:05:39,-5.654666666666667,0.0,-5.654666666666667,R3,Domestic
QP1891,Mumbai (BOM),Srinagar (SXR),B38M (VT-YAP),06:05:00,06:08:31,-3.53,0.0,-3.53,R1,Domestic
QP1891,Mumbai (BOM),Srinagar (SXR),B38M (VT-YAH),06:05:00,06:04:28,0.52,0.0,0.52,R2,Domestic
QP1891,Mumbai (BOM),Srinagar (SXR),B38M (VT-YAG),06:05:00,05:57:45,7.25,13.688316546625412,20.938316546625412,R3,Domestic
QP1891,Mumbai (BOM),Srinagar (SXR),B38M (VT-YBE),06:05:00,06:11:44,-6.741999999999999,18.26804063579325,11.52604063579325,R1,Domestic
QP1891,Mumbai (BOM),Srinagar (SXR),B38M (VT-YAF),06:05:00,05:58:14,6.76,0.0,6.76,R2,Domestic
QP1891,Mumbai (BOM),Srinagar (SXR),B38M (VT-YAI),06:05:00,06:17:29,-12.49,0.0,-12.49,R3,Domestic
QP1891,Mumbai (BOM),Srinagar (SXR),B38M (VT-YAA),06:05:00,06:20:15,-15.255,21.660874650993833,6.405874650993832,R1,Domestic
6E5352,Mumbai (BOM),Bengaluru (BLR),A21N (VT-IWU),06:05:00,06:36:14,-31.245,0.0,-31.245,R2,Domestic
6E5352,Mumbai (BOM),Bengaluru (BLR),A21N (VT-IWS),06:05:00,06:16:56,-11.946333333333332,0.0,-11.946333333333332,R3,Domestic
6E5352,Mumbai (BOM),Bengaluru (BLR),A21N (VT-IWT),06:05:00,06:16:58,-11.981333333333334,28.059990619488303,16.07865728615497,R1,Domestic
6E5352,Mumbai (BOM),Bengaluru (BLR),A21N (VT-IWU),06:05:00,06:17:25,-12.421333333333335,5.608837559322493,-6.812495774010842,R2,Domestic
6E5352,Mumbai (BOM),Bengaluru (BLR),A21N (VT-NCQ),06:05:00,06:37:31,-32.52,2.0179179263791274,-30.502082073620876,R3,Domestic
6E5352,Mumbai (BOM),Bengaluru (BLR),A21N (VT-NCH),06:05:00,06:35:03,-30.05,89.21063380520792,59.16063380520792,R1,Domestic
6E5352,Mumbai (BOM),Bengaluru (BLR),A21N (VT-NCB),06:05:00,06:33:19,-28.326666666666668,101.11891027383518,72.79224360716852,R2,Domestic
6E1185,Mumbai (BOM),Colombo (CMB),A20N (VT-IJZ),06:10:00,05:56:55,13.08,0.0,13.08,R3,Domestic
6E1185,Mumbai (BOM),Colombo (CMB),A20N (VT-ITZ),06:10:00,06:12:36,-2.615,10.898635799062749,8.283635799062749,R1,Domestic
6E1185,Mumbai (BOM),Colombo (CMB),A20N (VT-IPU),06:10:00,05:22:34,47.43,3.0833194500751873,50.51331945007519,R2,Domestic
6E1185,Mumbai (BOM),Colombo (CMB),A20N (VT-IIQ),06:10:00,05:44:04,25.92,34.58252289295985,60.50252289295985,R3,Domestic
6E1185,Mumbai (BOM),Colombo (CMB),A20N (VT-IQI),06:10:00,05:33:39,36.34,17.40272527756195,53.74272527756195,R1,Domestic
6E1185,Mumbai (BOM),Colombo (CMB),A20N (VT-ITZ),06:10:00,05:59:38,10.355,0.0,10.355,R2,Domestic
6E1185,Mumbai (BOM),Colombo (CMB),A20N (VT-IJY),06:10:00,06:07:55,2.07,20.506416844024503,22.576416844024504,R3,Domestic
6E5349,Mumbai (BOM),Nagpur (NAG),A21N (VT-ICZ),06:10:00,06:02:57,7.035000000000001,1.0498116433043725,8.084811643304374,R1,Domestic
6E5349,Mumbai (BOM),Nagpur (NAG),A21N (VT-ILC),06:10:00,06:38:01,-28.02833333333333,0.0,-28.02833333333333,R2,Domestic
6E5349,Mumbai (BOM),Nagpur (NAG),A21N (VT-ILC),06:10:00,06:17:45,-7.763333333333333,8.983733305220582,1.2203999718872494,R3,Domestic
6E5349,Mumbai (BOM),Nagpur (NAG),A21N (VT-ILC),06:10:00,06:31:40,-21.67833333333333,32.58767395694941,10.909340623616078,R1,Domestic
6E5349,Mumbai (BOM),Nagpur (NAG),A21N (VT-ICZ),06:10:00,06:12:36,-2.605,11.20639744972871,8.60139744972871,R2,Domestic
6E5349,Mumbai (BOM),Nagpur (NAG),A21N (VT-ICZ),06:10:00,06:39:54,-29.91,22.02332687727686,-7.886673122723142,R3,Domestic
6E5349,Mumbai (BOM),Nagpur (NAG),A21N (VT-ICZ),06:10:00,06:28:25,-18.419999999999995,23.736713939453928,5.316713939453933,R1,Domestic
QO342,Mumbai (BOM),Delhi (DEL),B738 (VT-AAZ),06:15:00,06:26:54,-11.91425,6.131657985237172,-5.782592014762827,R2,Domestic
QO342,Mumbai (BOM),Delhi (DEL),B738 (VT-AAZ),06:15:00,06:33:00,-18.015,104.7842139820868,86.7692139820868,R3,Domestic
QO342,Mumbai (BOM),Delhi (DEL),B738 (VT-AAZ),06:15:00,06:14:17,0.703,0.0,0.703,R1,Domestic
QO342,Mumbai (BOM),Delhi (DEL),B738 (VT-AAZ),06:15:00,06:49:27,-34.455,84.15283257874746,49.697832578747466,R2,Domestic
QO342,Mumbai (BOM),Delhi (DEL),B738 (VT-BAZ),06:15:00,06:48:29,-33.485,67.5645599260259,34.079559926025894,R3,Domestic
QO342,Mumbai (BOM),Delhi (DEL),B738 (VT-BAZ),06:15:00,06:31:20,-16.345,0.0,-16.345,R1,Domestic
QO342,Mumbai (BOM),Delhi (DEL),B738 (VT-BAZ),06:15:00,06:43:05,-28.09,76.48306137808216,48.39306137808215,R2,Domestic
6E6794,Mumbai (BOM),Udaipur (UDR),A21N (VT-IMZ),06:15:00,06:19:27,-4.455190476190478,0.0,-4.455190476190478,R3,Domestic
6E6794,Mumbai (BOM),Udaipur (UDR),A21N (VT-IBW),06:15:00,06:26:22,-11.367916666666668,6.544040838938024,-4.823875827728644,R1,Domestic
6E6794,Mumbai (BOM),Udaipur (UDR),A21N (VT-ICG),06:15:00,06:20:43,-5.727333333333333,0.0,-5.727333333333333,R2,Domestic
6E6794,Mumbai (BOM),Udaipur (UDR),A21N (VT-ICO),06:15:00,06:32:52,-17.875416666666666,11.805962604092604,-6.069454062574062,R3,Domestic
6E6794,Mumbai (BOM),Udaipur (UDR),A21N (VT-IBO),06:15:00,06:19:27,-4.455190476190478,14.763908753826557,10.308718277636078,R1,Domestic
6E6794,Mumbai (BOM),Udaipur (UDR),A21N (VT-IBY),06:15:00,06:32:41,-17.69625,9.49681329626477,-8.199436703735229,R2,Domestic
6E6794,Mumbai (BOM),Udaipur (UDR),A21N (VT-ILQ),06:15:00,06:26:22,-11.367916666666668,0.0,-11.367916666666668,R3,Domestic
6E446,Mumbai (BOM),Ahmedabad (AMD),A20N (VT-IIU),06:20:00,06:25:49,-5.831166666666666,13.236809985896105,7.405643319229439,R1,Domestic
6E446,Mumbai (BOM),Ahmedabad (AMD),A20N (VT-ISM),06:20:00,06:46:42,-26.713333333333335,9.894085204027476,-16.81924812930586,R2,Domestic
6E446,Mumbai (BOM),Ahmedabad (AMD),A20N (VT-IIE),06:20:00,06:28:23,-8.384666666666668,23.47221249623238,15.087545829565713,R3,Domestic
6E446,Mumbai (BOM),Ahmedabad (AMD),A20N (VT-IJX),06:20:00,06:31:56,-11.933416666666664,0.0,-11.933416666666664,R1,Domestic
6E446,Mumbai (BOM),Ahmedabad (AMD),A20N (VT-IXN),06:20:00,06:17:19,2.6772500000000004,48.614507873241934,51.291757873241934,R2,Domestic
6E446,Mumbai (BOM),Ahmedabad (AMD),A20N (VT-IZD),06:20:00,06:41:08,-21.1375,0.0,-21.1375,R3,Domestic
6E446,Mumbai (BOM),Ahmedabad (AMD),A320 (VT-IFV),06:20:00,06:37:14,-17.249583333333334,120.0,102.75041666666667,R1,Domestic
6E5223,Mumbai (BOM),Raipur (RPR),A21N (VT-IBU),06:20:00,06:35:30,-15.5125,44.38451328724534,28.87201328724534,R2,Domestic
6E5223,Mumbai (BOM),Raipur (RPR),A21N (VT-IUO),06:20:00,06:29:10,-9.176,6.6461832151765785,-2.5298167848234216,R3,Domestic
6E5223,Mumbai (BOM),Raipur (RPR),A21N (VT-IRY),06:20:00,06:22:24,-2.4066666666666667,0.16612261127806424,-2.2405440553886025,R1,Domestic
6E5223,Mumbai (BOM),Raipur (RPR),A21N (VT-IRZ),06:20:00,06:40:26,-20.44,50.69690332458378,30.256903324583778,R2,Domestic
6E5223,Mumbai (BOM),Raipur (RPR),A21N (VT-ICO),06:20:00,06:13:10,6.8175,36.81287722161134,43.63037722161134,R3,Domestic
6E5223,Mumbai (BOM),Raipur (RPR),A21N (VT-ICK),06:20:00,06:51:01,-31.03,0.0,-31.03,R1,Domestic
6E5223,Mumbai (BOM),Raipur (RPR),A21N (VT-ICY),06:20:00,06:35:30,-15.5125,44.256435781305406,28.743935781305407,R2,Domestic
OV760,Mumbai (BOM),Muscat (MCT),A20N (A4O-OVG),06:25:00,06:42:38,-17.645714285714288,2.3078779654138906,-15.337836320300397,R3,Domestic
OV760,Mumbai (BOM),Muscat (MCT),A20N (A4O-OVG),06:25:00,06:34:28,-9.47,13.316780172486974,3.846780172486973,R1,Domestic
OV760,Mumbai (BOM),Muscat (MCT),A20N (A4O-OVI),06:25:00,06:34:53,-9.895,3.6945031381334896,-6.20049686186651,R2,Domestic
OV760,Mumbai (BOM),Muscat (MCT),A20N (A4O-OVG),06:25:00,06:34:38,-9.635,59.65588714974668,50.020887149746684,R3,Domestic
OV760,Mumbai (BOM),Muscat (MCT),A20N (A4O-OVG),07:35:00,07:41:30,-6.511,29.289035751371223,22.778035751371224,R1,Domestic
OV760,Mumbai (BOM),Muscat (MCT),A20N (A4O-OVI),06:25:00,06:22:42,2.2885,12.054564037539029,14.34306403753903,R2,Domestic
6E5188,Mumbai (BOM),Chennai (MAA),A21N (VT-ICW),06:25:00,06:46:13,-21.23,0.0,-21.23,R3,Domestic
6E5188,Mumbai (BOM),Chennai (MAA),A21N (VT-ILO),06:25:00,06:36:55,-11.931660714285716,0.0,-11.931660714285716,R1,Domestic
6E5188,Mumbai (BOM),Chennai (MAA),A21N (VT-IML),06:25:00,06:33:08,-8.145,11.799426395523941,3.6544263955239416,R2,Domestic
6E5188,Mumbai (BOM),Chennai (MAA),A21N (VT-ILG),06:25:00,06:46:13,-21.23,39.236273518732226,18.006273518732225,R3,Domestic
6E5188,Mumbai (BOM),Chennai (MAA),A21N (VT-IUO),06:25:00,06:35:39,-10.664166666666665,0.0,-10.664166666666665,R1,Domestic
6E5188,Mumbai (BOM),Chennai (MAA),A21N (VT-ICG),06:25:00,06:56:23,-31.4,65.46755737204545,34.06755737204545,R2,Domestic
6E5188,Mumbai (BOM),Chennai (MAA),A21N (VT-ICG),06:25:00,06:55:10,-30.18,19.171984001289292,-11.008015998710707,R3,Domestic
GF57,Mumbai (BOM),Bahrain (BAH),A21N (A9C-XD),06:30:00,06:20:36,9.39,3.821171808465057,13.211171808465057,R1,Domestic
GF57,Mumbai (BOM),Bahrain (BAH),A21N (A9C-ND),06:30:00,07:07:35,-37.585,0.0,-37.585,R2,Domestic
GF57,Mumbai (BOM),Bahrain (BAH),A321 (A9C-CC),06:30:00,06:43:29,-13.49,0.0,-13.49,R3,Domestic
GF57,Mumbai (BOM),Bahrain (BAH),A21N (A9C-XD),06:30:00,06:54:24,-24.40625,24.716624846574863,0.31037484657486303,R1,Domestic
GF57,Mumbai (BOM),Bahrain (BAH),A21N (A9C-XD),06:30:00,03:54:56,155.065,44.21669900164093,199.28169900164093,R2,Domestic
GF57,Mumbai (BOM),Bahrain (BAH),A21N (A9C-NA),06:30:00,07:06:23,-36.395,20.424441945308338,-15.970558054691665,R3,Domestic
GF57,Mumbai (BOM),Bahrain (BAH),A21N (A9C-NB),06:30:00,06:58:00,-28.004999999999995,0.0,-28.004999999999995,R1,Domestic
AI2603,Mumbai (BOM),Bengaluru (BLR),A20N (VT-RTX),06:35:00,07:06:52,-31.87,16.73442581725282,-15.135574182747181,R2,Domestic
AI2603,Mumbai (BOM),Bengaluru (BLR),A20N (VT-RTL),06:35:00,07:06:52,-31.87,0.7724332197034118,-31.09756678029659,R3,Domestic
AI2603,Mumbai (BOM),Bengaluru (BLR),A20N (VT-RTN),06:35:00,06:53:07,-18.1175,0.0,-18.1175,R1,Domestic
AI2603,Mumbai (BOM),Bengaluru (BLR),A20N (VT-RTN),06:35:00,06:28:21,6.64,0.9580104387916146,7.598010438791614,R2,Domestic
AI2603,Mumbai (BOM),Bengaluru (BLR),A20N (VT-RTK),06:35:00,06:43:14,-8.242255952380953,0.0,-8.242255952380953,R3,Domestic
AI2603,Mumbai (BOM),Bengaluru (BLR),A20N (VT-RTN),06:35:00,07:08:38,-33.64,11.321901263852995,-22.318098736147007,R1,Domestic
AI2603,Mumbai (BOM),Bengaluru (BLR),A20N (VT-EXQ),06:35:00,07:08:26,-33.44,21.3131153140257,-12.126884685974296,R2,Domestic
6E1601,Mumbai (BOM),Jakarta (CGK),A20N (VT-IXH),06:35:00,06:41:51,-6.86625,71.43796589537926,64.57171589537927,R3,Domestic
6E1601,Mumbai (BOM),Jakarta (CGK),A20N (VT-IXM),06:35:00,06:37:07,-2.11875,0.0,-2.11875,R1,Domestic
6E1601,Mumbai (BOM),Jakarta (CGK),A20N (VT-IXG),06:35:00,06:27:29,7.5025,0.0,7.5025,R2,Domestic
6E1601,Mumbai (BOM),Jakarta (CGK),A20N (VT-IXM),06:35:00,06:39:51,-4.8653571428571425,0.0,-4.8653571428571425,R3,Domestic
6E1601,Mumbai (BOM),Jakarta (CGK),A20N (VT-IIX),06:35:00,06:39:51,-4.8653571428571425,7.794154707521821,2.928797564664679,R1,Domestic
6E1601,Mumbai (BOM),Jakarta (CGK),A20N (VT-IIU),06:35:00,06:38:12,-3.215,0.0,-3.215,R2,Domestic
6E1601,Mumbai (BOM),Jakarta (CGK),A20N (VT-IXF),06:35:00,06:23:32,11.4575,10.264209116611712,21.721709116611713,R3,Domestic
AI2428,Mumbai (BOM),Delhi (DEL),A20N (VT-TQN),06:40:00,06:48:54,-8.91375,5.274250755001885,-3.639499244998115,R1,Domestic
AI2428,Mumbai (BOM),Delhi (DEL),A20N (VT-TQK),06:40:00,06:43:28,-3.475999999999999,0.0,-3.475999999999999,R2,Domestic
AI2428,Mumbai (BOM),Delhi (DEL),A20N (VT-TNE),06:40:00,06:43:28,-3.475999999999999,49.526612414537084,46.050612414537085,R3,Domestic
AI2428,Mumbai (BOM),Delhi (DEL),A20N (VT-TNJ),06:40:00,06:43:10,-3.16875,30.10482571561593,26.93607571561593,R1,Domestic
AI2428,Mumbai (BOM),Delhi (DEL),A20N (VT-TNJ),06:40:00,06:43:28,-3.475999999999999,61.54559191562439,58.06959191562439,R2,Domestic
AI2428,Mumbai (BOM),Delhi (DEL),B788 (VT-ANH),06:40:00,06:00:52,39.12,48.839068222216696,87.9590682222167,R3,Domestic
AI2428,Mumbai (BOM),Delhi (DEL),A20N (VT-TNI),06:40:00,06:48:50,-8.835410714285713,6.194864290759172,-2.6405464235265406,R1,Domestic
TK721,Mumbai (BOM),Istanbul (IST),A333 (TC-JOF),06:40:00,06:45:20,-5.3430357142857146,66.92440215706684,61.581366442781125,R2,Domestic
TK721,Mumbai (BOM),Istanbul (IST),A333 (TC-LOF),06:40:00,06:05:08,34.865,23.25299705898516,58.11799705898516,R3,Domestic
TK721,Mumbai (BOM),Istanbul (IST),A333 (TC-JNS),06:40:00,06:46:45,-6.765,0.0,-6.765,R1,Domestic
TK721,Mumbai (BOM),Istanbul (IST),A333 (TC-LNE),06:40:00,06:08:12,31.79,0.0,31.79,R2,Domestic
TK721,Mumbai (BOM),Istanbul (IST),A333 (TC-LND),06:40:00,06:29:33,10.45,11.481921492549553,21.931921492549552,R3,Domestic
TK721,Mumbai (BOM),Istanbul (IST),A333 (TC-JOJ),06:40:00,06:35:51,4.1425,3.497764803715525,7.6402648037155245,R1,Domestic
TK721,Mumbai (BOM),Istanbul (IST),A333 (TC-JOK),06:40:00,06:47:18,-7.31,7.760602384181441,0.4506023841814413,R2,Domestic
6E 294,Mumbai (BOM),Indore (IDR),A21N (VT-IME),06:40:00,07:02:19,-22.31833333333333,16.71173078245843,-5.6066025508749,R3,Domestic
6E 294,Mumbai (BOM),Indore (IDR),A21N (VT-ICL),06:40:00,06:48:24,-8.40775,51.114891799168355,42.707141799168355,R1,Domestic
6E 294,Mumbai (BOM),Indore (IDR),A21N (VT-ICZ),07:00:00,07:10:06,-10.102500000000001,0.0,-10.102500000000001,R2,Domestic
6E 294,Mumbai (BOM),Indore (IDR),A21N (VT-IRW),06:40:00,06:52:15,-12.2625,0.20929227544951942,-12.05320772455048,R3,Domestic
6E 294,Mumbai (BOM),Indore (IDR),A21N (VT-IRZ),06:40:00,06:49:07,-9.13075,21.446284780156674,12.315534780156673,R1,Domestic
6E 294,Mumbai (BOM),Indore (IDR),A21N (VT-IMI),06:40:00,07:13:14,-33.239000000000004,16.208199627560138,-17.030800372439867,R2,Domestic
6E 294,Mumbai (BOM),Indore (IDR),A21N (VT-IBO),06:40:00,06:52:39,-12.664166666666665,7.535020148274735,-5.12914651839193,R3,Domestic
AI2771,Mumbai (BOM),Kolkata (CCU),A20N (VT-TQM),06:45:00,06:51:31,-6.53,0.0,-6.53,R1,Domestic
AI2771,Mumbai (BOM),Kolkata (CCU),A20N (VT-TQP),06:45:00,06:44:19,0.675,0.0,0.675,R2,Domestic
AI2771,Mumbai (BOM),Kolkata (CCU),A20N (VT-TNK),06:45:00,06:43:57,1.035,85.8936336807345,86.92863368073449,R3,Domestic
AI2771,Mumbai (BOM),Kolkata (CCU),A20N (VT-TQV),06:45:00,06:49:34,-4.57,0.0,-4.57,R1,Domestic
AI2771,Mumbai (BOM),Kolkata (CCU),A20N (VT-TNQ),06:45:00,06:50:00,-5.013333333333333,21.943584172804556,16.930250839471224,R2,Domestic
AI2771,Mumbai (BOM),Kolkata (CCU),A20N (VT-TQS),06:45:00,07:09:33,-24.55,0.0,-24.55,R3,Domestic
AI2771,Mumbai (BOM),Kolkata (CCU),A20N (VT-TQW),06:45:00,06:52:28,-7.47,0.0,-7.47,R1,Domestic
IX1069,Mumbai (BOM),Jaipur (JAI),B38M (VT-BXH),06:45:00,07:13:12,-28.205,107.03394414875099,78.82894414875099,R2,Domestic
IX1069,Mumbai (BOM),Jaipur (JAI),B38M (VT-BXH),06:45:00,06:45:47,-0.795,98.46029593624193,97.66529593624193,R3,Domestic
IX1069,Mumbai (BOM),Jaipur (JAI),B38M (VT-BXH),06:45:00,06:59:22,-14.366833333333334,8.701838849766158,-5.664994483567176,R1,Domestic
IX1069,Mumbai (BOM),Jaipur (JAI),B38M (VT-BXH),06:45:00,06:59:26,-14.439333333333334,20.629778353915416,6.190445020582082,R2,Domestic
IX1069,Mumbai (BOM),Jaipur (JAI),B38M (VT-BXH),06:45:00,06:16:56,28.055,0.0,28.055,R3,Domestic
IX1069,Mumbai (BOM),Jaipur (JAI),B38M (VT-BXH),06:45:00,07:06:02,-21.035,10.057490291432451,-10.977509708567549,R1,Domestic
IX1069,Mumbai (BOM),Jaipur (JAI),B38M (VT-BXH),06:45:00,06:48:26,-3.44,1.127534332965676,-2.312465667034324,R2,Domestic
AI2821,Mumbai (BOM),Chennai (MAA),A20N (VT-EXT),06:50:00,06:54:41,-4.6845,0.0,-4.6845,R3,Domestic
AI2821,Mumbai (BOM),Chennai (MAA),A20N (VT-RTS),06:50:00,06:55:55,-5.925,0.0,-5.925,R1,Domestic
AI2821,Mumbai (BOM),Chennai (MAA),A20N (VT-RTL),06:50:00,06:51:41,-1.69,1.5855326214117744,-0.10446737858822552,R2,Domestic
AI2821,Mumbai (BOM),Chennai (MAA),A20N (VT-EXU),06:50:00,07:04:35,-14.597249999999999,9.798777630311081,-4.798472369688918,R3,Domestic
AI2821,Mumbai (BOM),Chennai (MAA),A20N (VT-EXV),06:50:00,06:54:46,-4.7775,71.66582853268021,66.8883285326802,R1,Domestic
AI2821,Mumbai (BOM),Chennai (MAA),A20N (VT-RTU),06:50:00,07:07:12,-17.20375,8.215816564262312,-8.987933435737688,R2,Domestic
AI2821,Mumbai (BOM),Chennai (MAA),A20N (VT-RTU),06:50:00,06:52:37,-2.625,0.0,-2.625,R3,Domestic
AI601,Mumbai (BOM),Bhuj (BHJ),A20N (VT-TYC),06:50:00,06:56:37,-6.622666666666667,20.168163284209086,13.545496617542419,R1,Domestic
AI601,Mumbai (BOM),Bhuj (BHJ),A21N (VT-TVH),06:50:00,07:03:38,-13.639583333333333,120.0,106.36041666666667,R2,Domestic
AI601,Mumbai (BOM),Bhuj (BHJ),A321 (VT-PPM),06:50:00,06:53:17,-3.294523809523809,8.314344406791786,5.019820597267977,R3,Domestic
AI601,Mumbai (BOM),Bhuj (BHJ),A321 (VT-PPO),06:50:00,06:52:56,-2.93727380952381,33.4546503089188,30.51737649939499,R1,Domestic
AI601,Mumbai (BOM),Bhuj (BHJ),A20N (VT-CIG),06:50:00,06:51:30,-1.5061666666666667,0.0,-1.5061666666666667,R2,Domestic
AI601,Mumbai (BOM),Bhuj (BHJ),A20N (VT-EXL),06:50:00,06:52:56,-2.93727380952381,0.0,-2.93727380952381,R3,Domestic
AI601,Mumbai (BOM),Bhuj (BHJ),A20N (VT-RTK),06:50:00,06:56:37,-6.622666666666667,39.08246785476948,32.459801188102816,R1,Domestic
SG115,Mumbai (BOM),Darbhanga (DBR),B739 (VT-SLC),06:50:00,03:45:45,184.24,13.75568397792912,197.99568397792913,R2,Domestic
SG115,Mumbai (BOM),Darbhanga (DBR),B738 (VT-SLF),06:50:00,06:46:56,3.056666666666666,30.01511243195314,33.07177909861981,R3,Domestic
SG115,Mumbai (BOM),Darbhanga (DBR),B738 (VT-SLG),06:50:00,06:45:12,4.79,0.0,4.79,R1,Domestic
SG115,Mumbai (BOM),Darbhanga (DBR),B738 (VT-SLG),06:50:00,06:53:33,-3.55,0.0,-3.55,R2,Domestic
SG115,Mumbai (BOM),Darbhanga (DBR),B738 (VT-SLF),06:50:00,06:45:18,4.69,2.8388747643486285,7.528874764348629,R3,Domestic
SG115,Mumbai (BOM),Darbhanga (DBR),B738 (VT-SLF),06:50:00,03:44:50,185.16,0.0,185.16,R1,Domestic
6E 301,Mumbai (BOM),Delhi (DEL),A21N (VT-IWQ),07:00:00,07:25:38,-25.64166666666667,0.0,-25.64166666666667,R2,Domestic
6E 301,Mumbai (BOM),Delhi (DEL),A21N (VT-NCO),07:00:00,07:22:15,-22.25,6.192963198226696,-16.057036801773304,R3,Domestic
6E 301,Mumbai (BOM),Delhi (DEL),A21N (VT-NCR),07:05:00,07:19:10,-14.168333333333333,0.0,-14.168333333333333,R1,Domestic
6E 301,Mumbai (BOM),Delhi (DEL),A21N (VT-NCN),07:00:00,07:20:02,-20.046666666666667,26.813352137837505,6.766685471170838,R2,Domestic
6E 301,Mumbai (BOM),Delhi (DEL),A21N (VT-NCM),07:00:00,07:10:15,-10.261500000000002,33.95555202802046,23.69405202802046,R3,Domestic
6E 301,Mumbai (BOM),Delhi (DEL),A21N (VT-NCN),07:00:00,07:13:15,-13.25,0.5018084267541186,-12.748191573245881,R1,Domestic
6E 301,Mumbai (BOM),Delhi (DEL),A21N (VT-IWT),07:00:00,07:10:48,-10.816666666666665,21.528917536484652,10.712250869817987,R2,Domestic
AI2873,Mumbai (BOM),Hyderabad (HYD),A20N (VT-TNX),07:00:00,07:29:35,-29.595,7.70472441164873,-21.89027558835127,R3,Domestic
AI2873,Mumbai (BOM),Hyderabad (HYD),A20N (VT-TNP),07:00:00,07:14:38,-14.646500000000001,0.0,-14.646500000000001,R1,Domestic
AI2873,Mumbai (BOM),Hyderabad (HYD),A20N (VT-ATV),07:00:00,07:19:30,-19.505,5.748126676174013,-13.756873323825985,R2,Domestic
AI2873,Mumbai (BOM),Hyderabad (HYD),A20N (VT-TQA),07:00:00,07:18:32,-18.545,0.0,-18.545,R3,Domestic
AI2873,Mumbai (BOM),Hyderabad (HYD),A20N (VT-TNP),07:00:00,07:31:22,-31.37666666666667,14.668761029433053,-16.707905637233615,R1,Domestic
AI2873,Mumbai (BOM),Hyderabad (HYD),A20N (VT-TNJ),07:00:00,07:25:50,-25.83416666666667,82.81031453412922,56.97614786746255,R2,Domestic
AI2873,Mumbai (BOM),Hyderabad (HYD),A20N (VT-RTT),07:00:00,07:04:33,-4.56,4.438332403178368,-0.12166759682163164,R3,Domestic
QP1410,Mumbai (BOM),Delhi (DEL),B38M (VT-YAO),07:05:00,07:23:07,-18.1325,12.513973019855152,-5.618526980144848,R1,Domestic
QP1410,Mumbai (BOM),Delhi (DEL),B38M (VT-YBA),07:05:00,06:02:47,62.21,0.0,62.21,R2,Domestic
QP1410,Mumbai (BOM),Delhi (DEL),B38M (VT-YAA),07:05:00,07:28:49,-23.82,77.58571191452171,53.76571191452171,R3,Domestic
QP1410,Mumbai (BOM),Delhi (DEL),B38M (VT-YAM),07:05:00,07:22:25,-17.42,62.95001121482982,45.53001121482982,R1,Domestic
QP1410,Mumbai (BOM),Delhi (DEL),B38M (VT-YAP),07:05:00,07:11:17,-6.2860000000000005,8.949821101844668,2.6638211018446674,R2,Domestic
QP1410,Mumbai (BOM),Delhi (DEL),B38M (VT-YAM),07:05:00,07:30:33,-25.55,0.0,-25.55,R3,Domestic
QP1410,Mumbai (BOM),Delhi (DEL),B38M (VT-YAT),07:05:00,07:18:01,-13.025,0.0,-13.025,R1,Domestic
6E6133,Mumbai (BOM),Rajkot (HSR),A21N (VT-IMM),07:05:00,07:16:43,-11.725666666666665,0.0,-11.725666666666665,R2,Domestic
6E6133,Mumbai (BOM),Rajkot (HSR),A21N (VT-IMM),07:05:00,07:03:09,1.835,22.62838230581838,24.46338230581838,R3,Domestic
6E6133,Mumbai (BOM),Rajkot (HSR),A21N (VT-IMM),07:15:00,07:28:12,-13.211666666666668,8.306311363137095,-4.905355303529573,R1,Domestic
6E6133,Mumbai (BOM),Rajkot (HSR),A21N (VT-IMM),07:05:00,07:27:33,-22.558333333333334,2.9317842142482218,-19.626549119085112,R2,Domestic
6E6133,Mumbai (BOM),Rajkot (HSR),A21N (VT-IRV),07:05:00,07:25:51,-20.8525,68.25369675583569,47.40119675583569,R3,Domestic
6E6133,Mumbai (BOM),Rajkot (HSR),A21N (VT-IRV),07:05:00,07:37:42,-32.70941666666667,69.2032328294528,36.49381616278613,R1,Domestic
6E6133,Mumbai (BOM),Rajkot (HSR),A21N (VT-IMI),07:05:00,07:25:51,-20.8525,30.08009758448654,9.227597584486542,R2,Domestic
6E5246,Mumbai (BOM),Hyderabad (HYD),A21N (VT-ICQ),07:20:00,07:44:43,-24.731710317460315,12.421395294339717,-12.310315023120598,R3,Domestic
6E5246,Mumbai (BOM),Hyderabad (HYD),A21N (VT-IMB),07:20:00,07:31:22,-11.38,12.887028474349318,1.5070284743493172,R1,Domestic
6E5246,Mumbai (BOM),Hyderabad (HYD),A21N (VT-ILD),07:20:00,07:44:43,-24.731710317460315,0.0,-24.731710317460315,R2,Domestic
6E5246,Mumbai (BOM),Hyderabad (HYD),A21N (VT-IRY),07:20:00,07:44:43,-24.731710317460315,68.22292047321757,43.49121015575726,R3,Domestic
6E5246,Mumbai (BOM),Hyderabad (HYD),A21N (VT-IBY),07:20:00,07:44:43,-24.731710317460315,65.4339770818984,40.70226676443809,R1,Domestic
6E5246,Mumbai (BOM),Hyderabad (HYD),A21N (VT-ILH),07:20:00,07:36:44,-16.746666666666666,0.0,-16.746666666666666,R2,Domestic
6E5246,Mumbai (BOM),Hyderabad (HYD),A21N (VT-IML),07:20:00,07:31:59,-11.999166666666666,30.81932080703115,18.820154140364487,R3,Domestic
AI623,Mumbai (BOM),Cochin (COK),A20N (VT-EXN),07:25:00,07:38:56,-13.933333333333332,0.0,-13.933333333333332,R1,Domestic
AI623,Mumbai (BOM),Cochin (COK),A20N (VT-EXP),07:25:00,07:37:21,-12.363999999999999,5.288826440502345,-7.075173559497654,R2,Domestic
AI623,Mumbai (BOM),Cochin (COK),A20N (VT-TNJ),07:25:00,07:33:48,-8.815,68.64691500532517,59.83191500532517,R3,Domestic
AI623,Mumbai (BOM),Cochin (COK),A20N (VT-EXN),07:25:00,07:37:21,-12.363999999999999,0.0,-12.363999999999999,R1,Domestic
AI623,Mumbai (BOM),Cochin (COK),A20N (VT-EXN),07:25:00,07:33:08,-8.138,0.0,-8.138,R2,Domestic
AI623,Mumbai (BOM),Cochin (COK),A20N (VT-TNQ),07:25:00,07:40:57,-15.9625,0.0,-15.9625,R3,Domestic
AI623,Mumbai (BOM),Cochin (COK),A20N (VT-EXN),07:25:00,07:37:21,-12.363999999999999,32.67487161870723,20.310871618707232,R1,Domestic
AI2183,Mumbai (BOM),Dhaka (DAC),A20N (VT-TNV),07:25:00,07:25:05,-0.09860317460317468,0.1522331115539101,0.05362993695073541,R2,Domestic
AI2183,Mumbai (BOM),Dhaka (DAC),A20N (VT-TQB),07:25:00,07:23:45,1.2355357142857144,5.259474483125971,6.495010197411686,R3,Domestic
AI2183,Mumbai (BOM),Dhaka (DAC),A20N (VT-TNR),07:25:00,07:31:25,-6.424436507936507,23.87093538416795,17.446498876231445,R1,Domestic
AI2183,Mumbai (BOM),Dhaka (DAC),A20N (VT-TNV),07:25:00,07:15:03,9.935,0.0,9.935,R2,Domestic
AI2183,Mumbai (BOM),Dhaka (DAC),A20N (VT-TNR),07:25:00,06:36:24,48.595,31.66324446405746,80.25824446405746,R3,Domestic
AI2183,Mumbai (BOM),Dhaka (DAC),A20N (VT-TQJ),07:25:00,07:23:52,1.12,0.0,1.12,R1,Domestic
AI2183,Mumbai (BOM),Dhaka (DAC),A20N (VT-TNU),07:25:00,07:20:41,4.305,37.36251866695616,41.66751866695616,R2,Domestic
6E5172,Mumbai (BOM),Bhopal (BHO),A20N (VT-ISJ),07:25:00,07:49:59,-24.99083333333333,8.124712771584178,-16.866120561749153,R3,Domestic
6E5172,Mumbai (BOM),Bhopal (BHO),A21N (VT-ICG),07:25:00,07:55:56,-30.933333333333334,11.809047267542534,-19.1242860657908,R1,Domestic
6E5172,Mumbai (BOM),Bhopal (BHO),A20N (VT-IQG),07:25:00,07:54:58,-29.978333333333335,0.0,-29.978333333333335,R2,Domestic
6E5172,Mumbai (BOM),Bhopal (BHO),A20N (VT-IIH),07:25:00,07:54:58,-29.978333333333335,0.0,-29.978333333333335,R3,Domestic
6E5172,Mumbai (BOM),Bhopal (BHO),A20N (VT-IIS),07:25:00,07:51:43,-26.72333333333333,0.0,-26.72333333333333,R1,Domestic
6E5172,Mumbai (BOM),Bhopal (BHO),A20N (VT-IVY),07:25:00,07:48:47,-23.7925,0.0,-23.7925,R2,Domestic
6E5172,Mumbai (BOM),Bhopal (BHO),A20N (VT-IVY),07:25:00,07:41:48,-16.815,0.0,-16.815,R3,Domestic
6E5284,Mumbai (BOM),Goa (GOX),A20N (VT-IIH),07:25:00,07:50:30,-25.501833333333334,0.0,-25.501833333333334,R1,Domestic
6E5284,Mumbai (BOM),Goa (GOX),A20N (VT-IQF),07:25:00,07:45:27,-20.454666666666668,13.7524892162106,-6.702177450456068,R2,Domestic
6E5284,Mumbai (BOM),Goa (GOX),A20N (VT-IIW),07:25:00,07:45:15,-20.261666666666667,9.244804435764935,-11.016862230901731,R3,Domestic
6E5284,Mumbai (BOM),Goa (GOX),A20N (VT-IPD),07:25:00,07:33:19,-8.3175,8.391006109872638,0.07350610987263728,R1,Domestic
6E5284,Mumbai (BOM),Goa (GOX),A20N (VT-IIX),07:25:00,07:52:56,-27.94416666666667,0.0,-27.94416666666667,R2,Domestic
6E5284,Mumbai (BOM),Goa (GOX),A20N (VT-ITV),07:25:00,07:38:14,-13.245999999999999,0.0,-13.245999999999999,R3,Domestic
6E5296,Mumbai (BOM),Bengaluru (BLR),A21N (VT-NCM),07:30:00,07:44:35,-14.59,66.78165633745569,52.19165633745568,R1,Domestic
6E5296,Mumbai (BOM),Bengaluru (BLR),A21N (VT-ICF),07:30:00,07:53:40,-23.66666666666667,0.0,-23.66666666666667,R2,Domestic
6E5296,Mumbai (BOM),Bengaluru (BLR),A21N (VT-NCK),07:30:00,08:00:10,-30.1725,0.0,-30.1725,R3,Domestic
6E5296,Mumbai (BOM),Bengaluru (BLR),A21N (VT-NCK),07:30:00,07:53:40,-23.66666666666667,20.953059731663114,-2.7136069350035577,R1,Domestic
6E5296,Mumbai (BOM),Bengaluru (BLR),A21N (VT-NCK),07:30:00,07:51:17,-21.285,25.80467707924755,4.5196770792475505,R2,Domestic
6E5296,Mumbai (BOM),Bengaluru (BLR),A21N (VT-NCK),07:30:00,08:05:03,-35.06,0.0,-35.06,R3,Domestic
6E5296,Mumbai (BOM),Bengaluru (BLR),A21N (VT-NCJ),07:30:00,07:37:01,-7.025999999999999,6.5164468597571545,-0.5095531402428444,R1,Domestic
6E5108,Mumbai (BOM),Coimbatore (CJB),A20N (VT-ISK),07:35:00,07:48:24,-13.415,0.0,-13.415,R2,Domestic
6E5108,Mumbai (BOM),Coimbatore (CJB),A20N (VT-ISJ),07:35:00,07:50:30,-15.5,9.887321050987888,-5.612678949012112,R3,Domestic
6E5108,Mumbai (BOM),Coimbatore (CJB),A20N (VT-IIH),07:35:00,08:03:02,-28.045,0.0,-28.045,R1,Domestic
6E5108,Mumbai (BOM),Coimbatore (CJB),A20N (VT-IQG),07:35:00,08:04:28,-29.48,0.0,-29.48,R2,Domestic
6E5108,Mumbai (BOM),Coimbatore (CJB),A20N (VT-IVE),07:35:00,07:49:14,-14.24,0.0,-14.24,R3,Domestic
6E5108,Mumbai (BOM),Coimbatore (CJB),A20N (VT-IQK),07:35:00,07:32:26,2.5525,84.63249441819909,87.18499441819908,R1,Domestic
6E5108,Mumbai (BOM),Coimbatore (CJB),A20N (VT-IIW),07:35:00,07:48:26,-13.445,0.0,-13.445,R2,Domestic
AI2851,Mumbai (BOM),Bengaluru (BLR),A20N (VT-TNW),07:40:00,07:41:31,-1.53,0.0,-1.53,R3,Domestic
AI2851,Mumbai (BOM),Bengaluru (BLR),A20N (VT-TQT),07:40:00,08:15:47,-35.795,13.868621894921002,-21.926378105079,R1,Domestic
AI2851,Mumbai (BOM),Bengaluru (BLR),A20N (VT-TNH),07:40:00,07:54:17,-14.295,0.0,-14.295,R2,Domestic
AI2851,Mumbai (BOM),Bengaluru (BLR),A20N (VT-ATV),07:40:00,07:54:38,-14.64375,79.06570371995669,64.42195371995669,R3,Domestic
AI2851,Mumbai (BOM),Bengaluru (BLR),A20N (VT-TQX),07:40:00,07:48:49,-8.83,16.76814831159184,7.93814831159184,R1,Domestic
AI2851,Mumbai (BOM),Bengaluru (BLR),A20N (VT-TQC),07:40:00,07:54:38,-14.64375,102.02526048366168,87.38151048366169,R2,Domestic
AI2851,Mumbai (BOM),Bengaluru (BLR),A20N (VT-TNP),07:40:00,07:56:45,-16.765,99.41206428390616,82.64706428390616,R3,Domestic
6E6543,Mumbai (BOM),Varanasi (VNS),A21N (VT-ILV),07:40:00,07:44:21,-4.365,57.52161051538257,53.15661051538257,R1,Domestic
6E6543,Mumbai (BOM),Varanasi (VNS),A21N (VT-ILZ),07:40:00,07:54:12,-14.21375,0.0,-14.21375,R2,Domestic
6E6543,Mumbai (BOM),Varanasi (VNS),A21N (VT-ILZ),07:40:00,08:04:26,-24.435,14.588757962960807,-9.846242037039191,R3,Domestic
6E6543,Mumbai (BOM),Varanasi (VNS),A21N (VT-IRV),07:40:00,07:38:30,1.485,0.0,1.485,R1,Domestic
6E6543,Mumbai (BOM),Varanasi (VNS),A21N (VT-IMM),07:40:00,07:51:48,-11.8,11.434386942921511,-0.36561305707848923,R2,Domestic
6E6543,Mumbai (BOM),Varanasi (VNS),A21N (VT-ICT),07:40:00,08:00:34,-20.57333333333333,5.571558488872643,-15.001774844460687,R3,Domestic
6E6543,Mumbai (BOM),Varanasi (VNS),A21N (VT-ICQ),07:40:00,07:54:22,-14.37875,24.412109761806832,10.033359761806832,R1,Domestic
QP1524,Mumbai (BOM),Lucknow (LKO),B38M (VT-YBF),07:45:00,07:45:17,-0.29108333333333336,0.0,-0.29108333333333336,R2,Domestic
QP1524,Mumbai (BOM),Lucknow (LKO),B38M (VT-YAI),07:45:00,07:50:03,-5.056,35.72476793273812,30.668767932738117,R3,Domestic
QP1524,Mumbai (BOM),Lucknow (LKO),B38M (VT-YAQ),07:45:00,07:56:00,-11.005,0.0,-11.005,R1,Domestic
QP1524,Mumbai (BOM),Lucknow (LKO),B38M (VT-YAM),07:45:00,07:02:31,42.48,0.0,42.48,R2,Domestic
QP1524,Mumbai (BOM),Lucknow (LKO),B38M (VT-YAS),07:50:00,07:44:59,5.010999999999999,0.0,5.010999999999999,R3,Domestic
QP1524,Mumbai (BOM),Lucknow (LKO),B38M (VT-YAG),07:50:00,07:47:09,2.8492499999999996,120.0,122.84925,R1,Domestic
AI2354,Mumbai (BOM),Bangkok (BKK),A20N (VT-RTS),07:45:00,07:30:01,14.98,4.527617599267924,19.507617599267924,R2,Domestic
AI2354,Mumbai (BOM),Bangkok (BKK),A20N (VT-EXN),07:45:00,07:55:02,-10.045833333333333,0.0,-10.045833333333333,R3,Domestic
AI2354,Mumbai (BOM),Bangkok (BKK),A20N (VT-EXU),07:45:00,07:42:12,2.79,62.95825913702383,65.74825913702384,R1,Domestic
AI2354,Mumbai (BOM),Bangkok (BKK),A20N (VT-RTS),07:45:00,07:43:36,1.39125,0.0,1.39125,R2,Domestic
AI2354,Mumbai (BOM),Bangkok (BKK),A20N (VT-RTU),07:45:00,07:48:02,-3.0375,35.822232759050195,32.78473275905019,R3,Domestic
AI2354,Mumbai (BOM),Bangkok (BKK),A20N (VT-RTT),07:45:00,07:39:05,5.905,0.0,5.905,R1,Domestic
AI2354,Mumbai (BOM),Bangkok (BKK),A20N (VT-RTN),07:45:00,07:41:51,3.145,0.0,3.145,R2,Domestic
AI2970,Mumbai (BOM),Delhi (DEL),A20N (VT-TNI),07:45:00,07:54:22,-9.375,0.0,-9.375,R3,Domestic
AI2970,Mumbai (BOM),Delhi (DEL),A20N (VT-TNB),07:45:00,07:38:53,6.109249999999999,49.721235217791374,55.83048521779138,R1,Domestic
AI2970,Mumbai (BOM),Delhi (DEL),A20N (VT-TNX),07:45:00,07:38:53,6.109249999999999,0.0,6.109249999999999,R2,Domestic
AI2970,Mumbai (BOM),Delhi (DEL),A20N (VT-TQN),07:45:00,07:10:31,34.48,60.538501421037445,95.01850142103744,R3,Domestic
AI2970,Mumbai (BOM),Delhi (DEL),A20N (VT-TNI),07:45:00,08:00:14,-15.236666666666668,73.33847885509908,58.10181218843242,R1,Domestic
AI2970,Mumbai (BOM),Delhi (DEL),A20N (VT-EXR),07:45:00,07:58:28,-13.48125,0.0,-13.48125,R2,Domestic
6E5329,Mumbai (BOM),Kolkata (CCU),A21N (VT-IBF),07:45:00,07:46:04,-1.075,0.0,-1.075,R3,Domestic
6E5329,Mumbai (BOM),Kolkata (CCU),A21N (VT-IMC),07:45:00,07:49:17,-4.28375,0.0,-4.28375,R1,Domestic
6E5329,Mumbai (BOM),Kolkata (CCU),A21N (VT-ICO),07:45:00,07:51:32,-6.54,0.0,-6.54,R2,Domestic
6E5329,Mumbai (BOM),Kolkata (CCU),A21N (VT-IBD),07:45:00,07:47:21,-2.365,36.31651945534551,33.951519455345505,R3,Domestic
6E5329,Mumbai (BOM),Kolkata (CCU),A21N (VT-IBM),07:45:00,07:09:36,35.395,47.65858424862615,83.05358424862615,R1,Domestic
6E5329,Mumbai (BOM),Kolkata (CCU),A21N (VT-IBQ),07:45:00,07:37:23,7.6,0.0,7.6,R2,Domestic
6E5329,Mumbai (BOM),Kolkata (CCU),A21N (VT-IMH),07:45:00,07:51:32,-6.54,12.374472214129627,5.834472214129627,R3,Domestic
6E5305,Mumbai (BOM),Siliguri (IXB),A20N (VT-IIH),07:50:00,07:49:26,0.56625,14.12810366182669,14.69435366182669,R1,Domestic
6E5305,Mumbai (BOM),Siliguri (IXB),A20N (VT-IQO),07:50:00,08:10:55,-20.923507936507928,2.9608811756208167,-17.96262676088711,R2,Domestic
6E5305,Mumbai (BOM),Siliguri (IXB),A20N (VT-IXI),07:50:00,07:48:24,1.5875,25.90242079828304,27.489920798283038,R3,Domestic
6E5305,Mumbai (BOM),Siliguri (IXB),A20N (VT-IQF),07:50:00,08:10:55,-20.923507936507928,1.0981231263257099,-19.825384810182218,R1,Domestic
6E5305,Mumbai (BOM),Siliguri (IXB),A20N (VT-IIH),07:50:00,07:31:05,18.91,18.79820844546329,37.708208445463285,R2,Domestic
6E5305,Mumbai (BOM),Siliguri (IXB),A20N (VT-IIS),07:50:00,08:02:32,-12.53492261904762,23.46883757061378,10.933914951566159,R3,Domestic
6E5305,Mumbai (BOM),Siliguri (IXB),A20N (VT-IQK),07:50:00,08:10:55,-20.923507936507928,10.128919809435676,-10.794588127072252,R1,Domestic
6E333,Mumbai (BOM),Delhi (DEL),A21N (VT-NCR),08:05:00,08:00:57,4.035,0.0,4.035,R2,Domestic
6E333,Mumbai (BOM),Delhi (DEL),A21N (VT-NCG),08:05:00,08:16:19,-11.3325,0.9292518630442363,-10.403248136955764,R3,Domestic
6E333,Mumbai (BOM),Delhi (DEL),A21N (VT-NCL),08:05:00,08:09:37,-4.625,1.1419049784836814,-3.4830950215163186,R1,Domestic
6E333,Mumbai (BOM),Delhi (DEL),A21N (VT-NCJ),08:05:00,08:16:11,-11.195,0.0,-11.195,R2,Domestic
6E333,Mumbai (BOM),Delhi (DEL),A21N (VT-NCJ),08:05:00,07:35:51,29.135,13.39755072623234,42.532550726232344,R3,Domestic
6E333,Mumbai (BOM),Delhi (DEL),A21N (VT-NCC),08:05:00,08:09:58,-4.98,0.0,-4.98,R1,Domestic
6E333,Mumbai (BOM),Delhi (DEL),A21N (VT-NCN),08:05:00,08:18:50,-13.84,0.0,-13.84,R2,Domestic
6E1451,Mumbai (BOM),Dubai (DXB),A20N (VT-IPD),08:10:00,08:22:09,-12.16,44.089438213372055,31.929438213372055,R3,International
6E1451,Mumbai (BOM),Dubai (DXB),A20N (VT-IPI),08:10:00,08:25:51,-15.861666666666668,7.293540102897101,-8.568126563769567,R1,International
6E1451,Mumbai (BOM),Dubai (DXB),A20N (VT-IIO),08:10:00,08:23:14,-13.24,0.0,-13.24,R2,International
6E1451,Mumbai (BOM),Dubai (DXB),A20N (VT-IZE),08:10:00,08:23:30,-13.505,0.0,-13.505,R3,International
6E1451,Mumbai (BOM),Dubai (DXB),A20N (VT-IZE),08:10:00,07:29:47,40.21,1.5919528773092821,41.80195287730928,R1,International
6E1451,Mumbai (BOM),Dubai (DXB),A20N (VT-IQO),08:10:00,08:09:18,0.691,0.0,0.691,R2,International
6E1451,Mumbai (BOM),Dubai (DXB),A20N (VT-IIX),08:10:00,08:12:47,-2.785,23.337313280842267,20.552313280842267,R3,International
6E5204,Mumbai (BOM),Chennai (MAA),A21N (VT-IWR),08:15:00,08:00:17,14.71,0.0,14.71,R1,Domestic
6E5204,Mumbai (BOM),Chennai (MAA),A21N (VT-ICO),08:15:00,08:20:29,-5.492083333333333,38.848816887500526,33.35673355416719,R2,Domestic
6E5204,Mumbai (BOM),Chennai (MAA),A21N (VT-ILH),08:15:00,08:18:07,-3.1175,0.0,-3.1175,R3,Domestic
6E5204,Mumbai (BOM),Chennai (MAA),A21N (VT-IBW),08:15:00,08:22:40,-7.681666666666667,0.0,-7.681666666666667,R1,Domestic
6E5204,Mumbai (BOM),Chennai (MAA),A21N (VT-IBF),08:15:00,07:47:50,27.155,0.0,27.155,R2,Domestic
6E5204,Mumbai (BOM),Chennai (MAA),A21N (VT-IRZ),08:15:00,08:22:40,-7.681666666666667,47.56961939198059,39.88795272531392,R3,Domestic
6E5204,Mumbai (BOM),Chennai (MAA),A21N (VT-IBY),08:15:00,08:10:53,4.1025,9.47554396308412,13.57804396308412,R1,Domestic
6E6258,Mumbai (BOM),Goa (GOX),A21N (VT-ILO),08:15:00,08:22:39,-7.655,17.33950293819904,9.684502938199039,R2,Domestic
6E6258,Mumbai (BOM),Goa (GOX),A21N (VT-ICK),08:15:00,08:26:41,-11.695833333333335,2.451155057510097,-9.244678275823237,R3,Domestic
6E6258,Mumbai (BOM),Goa (GOX),A21N (VT-ICK),08:15:00,08:22:49,-7.825,0.7703282862442314,-7.054671713755769,R1,Domestic
6E6258,Mumbai (BOM),Goa (GOX),A21N (VT-ICK),08:15:00,08:30:49,-15.829583333333332,0.0,-15.829583333333332,R2,Domestic
6E6258,Mumbai (BOM),Goa (GOX),A21N (VT-ICK),08:15:00,07:44:10,30.825,54.233029263451876,85.05802926345187,R3,Domestic
6E6258,Mumbai (BOM),Goa (GOX),A21N (VT-ICL),08:15:00,08:24:58,-9.9825,35.71928198398025,25.73678198398025,R1,Domestic
6E6258,Mumbai (BOM),Goa (GOX),A21N (VT-IBX),08:15:00,08:30:49,-15.829583333333332,0.0,-15.829583333333332,R2,Domestic
6E532,Mumbai (BOM),Tirupati (TIR),A21N (VT-ICK),08:30:00,08:10:48,19.19,0.0,19.19,R3,Domestic
6E532,Mumbai (BOM),Tirupati (TIR),A21N (VT-IML),08:30:00,08:41:47,-11.785,0.0,-11.785,R1,Domestic
6E532,Mumbai (BOM),Tirupati (TIR),A21N (VT-IMZ),08:30:00,08:34:54,-4.912916666666667,0.0,-4.912916666666667,R2,Domestic
6E532,Mumbai (BOM),Tirupati (TIR),A21N (VT-ICZ),08:30:00,08:45:24,-15.406333333333334,23.90371944939944,8.497386116066105,R3,Domestic
6E532,Mumbai (BOM),Tirupati (TIR),A21N (VT-ICG),08:30:00,07:51:33,38.44,37.61547863330327,76.05547863330327,R1,Domestic
6E532,Mumbai (BOM),Tirupati (TIR),A21N (VT-IBO),08:30:00,08:45:24,-15.406333333333334,0.0,-15.406333333333334,R2,Domestic
6E532,Mumbai (BOM),Tirupati (TIR),A21N (VT-ILI),08:30:00,08:45:24,-15.406333333333334,0.0,-15.406333333333334,R3,Domestic
6E5281,Mumbai (BOM),Jaipur (JAI),A20N (VT-IZC),08:35:00,08:48:54,-13.915999999999999,92.9431049566892,79.0271049566892,R1,Domestic
6E5281,Mumbai (BOM),Jaipur (JAI),A20N (VT-ISP),08:35:00,08:44:08,-9.14,0.0,-9.14,R2,Domestic
6E5281,Mumbai (BOM),Jaipur (JAI),A20N (VT-IQH),08:35:00,08:54:04,-19.072166666666668,24.246914457939937,5.174747791273269,R3,Domestic
6E5281,Mumbai (BOM),Jaipur (JAI),A20N (VT-IQA),08:35:00,06:34:37,120.375,28.38091416112305,148.75591416112306,R1,Domestic
6E5281,Mumbai (BOM),Jaipur (JAI),A20N (VT-IXO),08:35:00,08:51:07,-16.127666666666666,16.321135965961542,0.19346929929487544,R2,Domestic
6E5281,Mumbai (BOM),Jaipur (JAI),A20N (VT-IXI),08:35:00,08:50:12,-15.213166666666664,8.539838768221905,-6.673327898444759,R3,Domestic
QP1781,Mumbai (BOM),Ahmedabad (AMD),B38M (VT-YAG),08:40:00,08:27:38,12.36375,13.200423879693371,25.56417387969337,R1,Domestic
QP1781,Mumbai (BOM),Ahmedabad (AMD),B38M (VT-YAR),08:40:00,08:43:14,-3.24,42.545455432701395,39.30545543270139,R2,Domestic
QP1781,Mumbai (BOM),Ahmedabad (AMD),B38M (VT-YBC),08:40:00,08:38:54,1.0895000000000001,0.0,1.0895000000000001,R3,Domestic
QP1781,Mumbai (BOM),Ahmedabad (AMD),B38M (VT-YAR),08:40:00,08:43:03,-3.055,3.701411767199281,0.6464117671992811,R1,Domestic
QP1781,Mumbai (BOM),Ahmedabad (AMD),B38M (VT-YBC),08:40:00,07:06:38,93.355,1.412831308575616,94.76783130857562,R2,Domestic
QP1781,Mumbai (BOM),Ahmedabad (AMD),B38M (VT-YAX),08:40:00,06:49:32,110.46,0.0,110.46,R3,Domestic
QP1781,Mumbai (BOM),Ahmedabad (AMD),B38M (VT-YAC),08:40:00,08:44:24,-4.415,0.0,-4.415,R1,Domestic
WY202,Mumbai (BOM),Muscat (MCT),B38M (A4O-MJ),08:40:00,08:27:56,12.065,0.0,12.065,R2,Domestic
WY202,Mumbai (BOM),Muscat (MCT),B739 (A4O-BT),10:05:00,10:21:38,-16.65,0.0,-16.65,R3,Domestic
WY202,Mumbai (BOM),Muscat (MCT),B739 (A4O-BY),10:05:00,08:06:03,118.95,0.0,118.95,R1,Domestic
WY202,Mumbai (BOM),Muscat (MCT),B739 (A4O-BT),10:05:00,08:15:36,109.385,20.295538973916997,129.680538973917,R2,Domestic
WY202,Mumbai (BOM),Muscat (MCT),B739 (A4O-BT),10:05:00,07:22:11,162.805,19.243509962831137,182.04850996283113,R3,Domestic
WY202,Mumbai (BOM),Muscat (MCT),B738 (A4O-BAC),10:05:00,10:17:07,-12.12,5.7058413840067495,-6.41415861599325,R1,Domestic
6E1011,Mumbai (BOM),Singapore (SIN),A21N (VT-IMH),08:40:00,08:41:18,-1.31125,17.066973939069715,15.755723939069716,R2,International
6E1011,Mumbai (BOM),Singapore (SIN),A21N (VT-ILG),08:40:00,08:58:05,-18.09,15.250098437496206,-2.839901562503794,R3,International
6E1011,Mumbai (BOM),Singapore (SIN),A21N (VT-ILG),08:40:00,09:01:32,-21.54,0.0,-21.54,R1,International
6E1011,Mumbai (BOM),Singapore (SIN),A21N (VT-ILN),08:40:00,09:18:05,-38.09316666666667,30.24343608122736,-7.849730585439307,R2,International
6E1011,Mumbai (BOM),Singapore (SIN),A21N (VT-ILX),08:40:00,07:40:56,59.055,1.3908697206160419,60.445869720616045,R3,International
6E1011,Mumbai (BOM),Singapore (SIN),A21N (VT-ILX),08:40:00,09:00:54,-20.91,14.081520139651845,-6.828479860348155,R1,International
6E1011,Mumbai (BOM),Singapore (SIN),A21N (VT-ILT),08:40:00,09:07:40,-27.675,0.0,-27.675,R2,International
6E5193,Mumbai (BOM),Bengaluru (BLR),A21N (VT-NCL),08:45:00,08:46:25,-1.42,20.983183578233692,19.56318357823369,R3,Domestic
6E5193,Mumbai (BOM),Bengaluru (BLR),A21N (VT-NCL),08:45:00,09:11:16,-26.278333333333336,0.0,-26.278333333333336,R1,Domestic
6E5193,Mumbai (BOM),Bengaluru (BLR),A21N (VT-IWQ),08:45:00,09:07:00,-22.015,32.24924292164994,10.234242921649937,R2,Domestic
6E5193,Mumbai (BOM),Bengaluru (BLR),A21N (VT-IWQ),08:45:00,09:19:27,-34.465,5.335586063019219,-29.129413936980782,R3,Domestic
6E5193,Mumbai (BOM),Bengaluru (BLR),A21N (VT-IWQ),08:45:00,08:41:17,3.715,2.1954730876872253,5.910473087687225,R1,Domestic
6E5193,Mumbai (BOM),Bengaluru (BLR),A21N (VT-IWV),08:45:00,09:19:19,-34.32,0.0,-34.32,R2,Domestic
6E5193,Mumbai (BOM),Bengaluru (BLR),A21N (VT-NCD),08:45:00,09:11:50,-26.849166666666665,0.8060721800218329,-26.043094486644833,R3,Domestic
AI2432,Mumbai (BOM),Delhi (DEL),A20N (VT-TNP),08:45:00,08:21:43,23.27,0.0,23.27,R1,Domestic
AI2432,Mumbai (BOM),Delhi (DEL),A20N (VT-TNX),08:45:00,09:04:29,-19.48580952380952,84.51766366161455,65.03185413780503,R2,Domestic
AI2432,Mumbai (BOM),Delhi (DEL),A20N (VT-TQK),08:45:00,08:46:15,-1.25,25.703473367326335,24.453473367326335,R3,Domestic
AI2432,Mumbai (BOM),Delhi (DEL),A20N (VT-TNE),08:45:00,08:32:32,12.455,0.0,12.455,R1,Domestic
AI2432,Mumbai (BOM),Delhi (DEL),A20N (VT-TQP),08:45:00,08:39:27,5.55,0.0,5.55,R2,Domestic
AI2432,Mumbai (BOM),Delhi (DEL),A20N (VT-TQV),08:45:00,09:04:29,-19.48580952380952,0.0,-19.48580952380952,R3,Domestic
AI2432,Mumbai (BOM),Delhi (DEL),A20N (VT-ATV),08:45:00,09:03:12,-18.213,0.0,-18.213,R1,Domestic
6E6674,Mumbai (BOM),Mangaluru (IXE),A20N (VT-IQG),08:50:00,08:40:35,9.4125,0.0,9.4125,R2,Domestic
6E6674,Mumbai (BOM),Mangaluru (IXE),A20N (VT-IQK),08:50:00,09:04:13,-14.22733333333333,0.0,-14.22733333333333,R3,Domestic
6E6674,Mumbai (BOM),Mangaluru (IXE),A20N (VT-IIS),08:50:00,08:52:54,-2.905,0.0,-2.905,R1,Domestic
6E6674,Mumbai (BOM),Mangaluru (IXE),A20N (VT-IVB),08:50:00,09:13:21,-23.36,0.0,-23.36,R2,Domestic
6E6674,Mumbai (BOM),Mangaluru (IXE),A20N (VT-IIW),08:50:00,07:17:06,92.9,0.0,92.9,R3,Domestic
6E6674,Mumbai (BOM),Mangaluru (IXE),A20N (VT-ITR),08:50:00,08:56:28,-6.475,0.0,-6.475,R1,Domestic
6E6674,Mumbai (BOM),Mangaluru (IXE),A20N (VT-IJR),08:50:00,09:00:15,-10.26,0.0,-10.26,R2,Domestic
6E2301,Mumbai (BOM),Bhubaneswar (BBI),A21N (VT-IMB),08:55:00,08:34:12,20.8,0.5516966354170111,21.35169663541701,R3,Domestic
6E2301,Mumbai (BOM),Bhubaneswar (BBI),A21N (VT-IRY),08:55:00,09:00:07,-5.125,0.0,-5.125,R1,Domestic
6E2301,Mumbai (BOM),Bhubaneswar (BBI),A21N (VT-IRZ),08:55:00,09:06:20,-11.345,0.0,-11.345,R2,Domestic
6E2301,Mumbai (BOM),Bhubaneswar (BBI),A21N (VT-ICY),08:55:00,08:54:24,0.5866666666666667,2.2154888083928106,2.802155475059477,R3,Domestic
6E2301,Mumbai (BOM),Bhubaneswar (BBI),A21N (VT-ICL),08:55:00,07:55:49,59.17,0.0,59.17,R1,Domestic
6E2301,Mumbai (BOM),Bhubaneswar (BBI),A21N (VT-IBD),08:55:00,09:13:13,-18.223333333333336,55.90578120291831,37.682447869584976,R2,Domestic
6E2301,Mumbai (BOM),Bhubaneswar (BBI),A21N (VT-IRV),08:55:00,09:11:25,-16.417583333333333,0.7064100954213453,-15.711173237911987,R3,Domestic
6E2347,Mumbai (BOM),Ahmedabad (AMD),A320 (VT-IFN),08:55:00,08:06:50,48.155,0.0,48.155,R1,Domestic
6E2347,Mumbai (BOM),Ahmedabad (AMD),A20N (VT-IQC),08:55:00,09:08:59,-13.990833333333335,9.932504005188884,-4.058329328144451,R2,Domestic
6E2347,Mumbai (BOM),Ahmedabad (AMD),A20N (VT-IIX),08:55:00,08:41:32,13.45,0.0,13.45,R3,Domestic
6E2347,Mumbai (BOM),Ahmedabad (AMD),A20N (VT-IIL),08:55:00,08:32:30,22.5,0.0,22.5,R1,Domestic
6E2347,Mumbai (BOM),Ahmedabad (AMD),A20N (VT-IPW),08:55:00,07:53:00,61.985,29.74197529299661,91.72697529299661,R2,Domestic
6E2347,Mumbai (BOM),Ahmedabad (AMD),A20N (VT-IIE),08:55:00,09:14:43,-19.721666666666668,62.982474422608405,43.26080775594174,R3,Domestic
6E2347,Mumbai (BOM),Ahmedabad (AMD),A320 (VT-IKP),08:55:00,09:06:13,-11.2175,39.84880736293201,28.631307362932006,R1,Domestic
AI2739,Mumbai (BOM),Chennai (MAA),A20N (VT-TQA),09:00:00,08:59:18,0.69,0.0,0.69,R2,Domestic
AI2739,Mumbai (BOM),Chennai (MAA),A20N (VT-TNR),09:00:00,09:16:26,-16.43625,0.0,-16.43625,R3,Domestic
AI2739,Mumbai (BOM),Chennai (MAA),A20N (VT-TQJ),09:00:00,09:04:58,-4.98,0.0,-4.98,R1,Domestic
AI2739,Mumbai (BOM),Chennai (MAA),A20N (VT-TNF),09:00:00,09:12:34,-12.57,41.66269188016274,29.09269188016274,R2,Domestic
AI2739,Mumbai (BOM),Chennai (MAA),A20N (VT-TQJ),09:00:00,08:48:09,11.84,0.0,11.84,R3,Domestic
AI2739,Mumbai (BOM),Chennai (MAA),A20N (VT-TNP),09:00:00,09:12:34,-12.57,120.0,107.43,R1,Domestic
AI2739,Mumbai (BOM),Chennai (MAA),A20N (VT-TNZ),09:00:00,09:20:42,-20.7,0.0,-20.7,R2,Domestic
QP1518,Mumbai (BOM),Cochin (COK),B38M (VT-YAB),09:10:00,09:07:21,2.645,13.95731735885198,16.60231735885198,R3,Domestic
QP1518,Mumbai (BOM),Cochin (COK),B38M (VT-YAP),09:10:00,09:30:08,-20.13875,0.0,-20.13875,R1,Domestic
QP1518,Mumbai (BOM),Cochin (COK),B38M (VT-YAR),09:10:00,08:56:02,13.965,12.502010127922594,26.467010127922592,R2,Domestic
QP1518,Mumbai (BOM),Cochin (COK),B38M (VT-YBB),09:10:00,06:48:16,141.72,0.0,141.72,R3,Domestic
QP1518,Mumbai (BOM),Cochin (COK),B38M (VT-YAF),09:10:00,04:14:42,295.29,58.645174714987476,353.9351747149875,R1,Domestic
QP1518,Mumbai (BOM),Cochin (COK),B38M (VT-YAL),08:50:00,09:09:38,-19.6355,0.0,-19.6355,R2,Domestic
QP1518,Mumbai (BOM),Cochin (COK),B38M (VT-YAH),09:10:00,09:30:37,-20.62125,0.0,-20.62125,R3,Domestic
AI645,Mumbai (BOM),Jodhpur (JDH),A319 (VT-SCV),09:15:00,09:24:04,-9.07,42.138989605650515,33.068989605650515,R1,Domestic
AI645,Mumbai (BOM),Jodhpur (JDH),A319 (VT-SCF),09:15:00,09:16:24,-1.40375,0.0,-1.40375,R2,Domestic
AI645,Mumbai (BOM),Jodhpur (JDH),A319 (VT-SCV),09:15:00,08:55:04,19.92,0.0,19.92,R3,Domestic
AI645,Mumbai (BOM),Jodhpur (JDH),A319 (VT-SCF),09:15:00,09:32:13,-17.226,21.11122469270263,3.885224692702632,R1,Domestic
AI645,Mumbai (BOM),Jodhpur (JDH),A20N (VT-EXQ),09:15:00,08:07:11,67.805,52.5399767256999,120.34497672569991,R2,Domestic
AI645,Mumbai (BOM),Jodhpur (JDH),A319 (VT-SCF),09:15:00,09:44:01,-29.0275,0.0,-29.0275,R3,Domestic
AI645,Mumbai (BOM),Jodhpur (JDH),A319 (VT-SCV),09:15:00,09:31:52,-16.88025,67.76371543637778,50.883465436377776,R1,Domestic
6E6057,Mumbai (BOM),Goa (GOX),A20N (VT-IQZ),09:15:00,09:22:53,-7.895,14.789653621805137,6.894653621805137,R2,Domestic
6E6057,Mumbai (BOM),Goa (GOX),A20N (VT-IPW),09:15:00,09:37:48,-22.806000000000004,0.32690419845526436,-22.47909580154474,R3,Domestic
6E6057,Mumbai (BOM),Goa (GOX),A20N (VT-IPW),09:15:00,09:10:42,4.2875,0.0,4.2875,R1,Domestic
6E6057,Mumbai (BOM),Goa (GOX),A20N (VT-ISS),09:15:00,09:33:55,-18.92,2.871768316454258,-16.048231683545744,R2,Domestic
6E6057,Mumbai (BOM),Goa (GOX),A20N (VT-IXO),09:15:00,07:24:58,110.02,0.0,110.02,R3,Domestic
6E6057,Mumbai (BOM),Goa (GOX),A20N (VT-IQG),09:15:00,09:31:00,-16.00375,0.0,-16.00375,R1,Domestic
6E6057,Mumbai (BOM),Goa (GOX),A20N (VT-IXK),09:15:00,09:49:47,-34.785,0.0,-34.785,R2,Domestic
AI2863,Mumbai (BOM),Bengaluru (BLR),A20N (VT-TNY),09:20:00,09:06:38,13.36,0.0,13.36,R3,Domestic
AI2863,Mumbai (BOM),Bengaluru (BLR),A20N (VT-TNF),09:20:00,09:26:22,-6.375,29.976902411715738,23.601902411715738,R1,Domestic
AI2863,Mumbai (BOM),Bengaluru (BLR),A20N (VT-TNQ),09:20:00,09:25:41,-5.695,0.0,-5.695,R2,Domestic
AI2863,Mumbai (BOM),Bengaluru (BLR),A20N (VT-TQB),09:20:00,09:12:25,7.58125,10.41068336238591,17.99193336238591,R3,Domestic
AI2863,Mumbai (BOM),Bengaluru (BLR),A20N (VT-TNS),09:20:00,08:20:09,59.84,11.954590036511693,71.79459003651169,R1,Domestic
AI2863,Mumbai (BOM),Bengaluru (BLR),A20N (VT-TQM),09:20:00,09:45:01,-25.03,33.48970739785519,8.45970739785519,R2,Domestic
AI2863,Mumbai (BOM),Bengaluru (BLR),A20N (VT-TQR),09:20:00,09:37:57,-17.965,41.87513620989232,23.91013620989232,R3,Domestic
AI2960,Mumbai (BOM),Delhi (DEL),A20N (VT-RTU),09:25:00,09:25:55,-0.9316666666666668,0.0,-0.9316666666666668,R1,Domestic
AI2960,Mumbai (BOM),Delhi (DEL),A20N (VT-TQL),09:25:00,09:41:47,-16.7975,0.0,-16.7975,R2,Domestic
AI2960,Mumbai (BOM),Delhi (DEL),A20N (VT-TNW),09:25:00,09:28:41,-3.685,2.869108396209583,-0.8158916037904169,R3,Domestic
AI2960,Mumbai (BOM),Delhi (DEL),A20N (VT-RIO),09:25:00,09:45:51,-20.85666666666667,20.46148789720068,-0.3951787694659892,R1,Domestic
AI2960,Mumbai (BOM),Delhi (DEL),A20N (VT-EXG),09:25:00,08:44:23,40.6,0.0,40.6,R2,Domestic
AI2960,Mumbai (BOM),Delhi (DEL),A20N (VT-RTJ),09:25:00,09:45:55,-20.92666666666667,23.923839470861786,2.9971728041951167,R3,Domestic
AI2960,Mumbai (BOM),Delhi (DEL),A20N (VT-RTZ),09:25:00,09:45:10,-20.183333333333334,17.476658249618506,-2.7066750837148277,R1,Domestic
BA134,Mumbai (BOM),London (LHR),B772 (G-YMMS),09:30:00,10:00:19,-30.320999999999998,65.59855992662403,35.277559926624036,R2,International
BA134,Mumbai (BOM),London (LHR),B772 (G-YMMG),09:30:00,09:52:43,-22.721,0.0,-22.721,R3,International
BA134,Mumbai (BOM),London (LHR),B772 (G-YMMT),09:30:00,07:31:42,118.285,0.0,118.285,R1,International
BA134,Mumbai (BOM),London (LHR),B772 (G-YMMT),09:30:00,06:54:27,155.54,4.629229636263581,160.16922963626357,R2,International
BA134,Mumbai (BOM),London (LHR),B772 (G-YMMU),09:30:00,09:52:47,-22.798333333333332,43.00291641237281,20.20458307903948,R3,International
BA134,Mumbai (BOM),London (LHR),B772 (G-YMMU),09:30:00,09:53:30,-23.515,0.0,-23.515,R1,International
BA134,Mumbai (BOM),London (LHR),B772 (G-YMMI),09:30:00,10:01:57,-31.958333333333336,0.0,-31.958333333333336,R2,International
S5161,Mumbai (BOM),Kolhapur (KLH),E75L (VT-GSI),09:30:00,09:16:15,13.7475,2.6356656500581526,16.383165650058153,R3,Domestic
S5161,Mumbai (BOM),Kolhapur (KLH),E75L (VT-GSI),09:30:00,09:54:25,-24.431666666666665,0.0,-24.431666666666665,R1,Domestic
S5161,Mumbai (BOM),Kolhapur (KLH),E75L (VT-GSI),09:30:00,09:43:47,-13.8,2.266382685773914,-11.533617314226086,R2,Domestic
S5161,Mumbai (BOM),Kolhapur (KLH),E75L (VT-GSI),09:30:00,09:34:57,-4.95,51.75557561425744,46.805575614257435,R3,Domestic
S5161,Mumbai (BOM),Kolhapur (KLH),E75L (VT-GSI),09:30:00,06:32:33,177.45,0.0,177.45,R1,Domestic
S5161,Mumbai (BOM),Kolhapur (KLH),E75L (VT-GSI),09:30:00,08:47:14,42.755,2.5454625174093617,45.300462517409365,R2,Domestic
S5161,Mumbai (BOM),Kolhapur (KLH),E75L (VT-GSI),09:30:00,09:46:33,-16.555,0.0,-16.555,R3,Domestic
6E1305,Mumbai (BOM),Doha (DOH),B38M (A7-BSA),09:35:00,09:47:03,-12.065,120.0,107.935,R1,Domestic
6E1305,Mumbai (BOM),Doha (DOH),B38M (A7-BSE),09:35:00,09:56:41,-21.695833333333336,14.065127476568687,-7.630705856764649,R2,Domestic
6E1305,Mumbai (BOM),Doha (DOH),B38M (A7-BSE),09:35:00,09:47:12,-12.2,0.0,-12.2,R3,Domestic
6E1305,Mumbai (BOM),Doha (DOH),B38M (A7-BSE),09:35:00,08:34:20,60.66,50.26726209848031,110.9272620984803,R1,Domestic
6E1305,Mumbai (BOM),Doha (DOH),A20N (VT-IXH),09:35:00,04:59:42,275.285,0.0,275.285,R2,Domestic
6E1305,Mumbai (BOM),Doha (DOH),B38M (A7-BSE),09:35:00,09:58:27,-23.455,120.0,96.545,R3,Domestic
6E1305,Mumbai (BOM),Doha (DOH),B38M (A7-BSE),09:35:00,09:58:33,-23.5575,41.99697690349025,18.43947690349025,R1,Domestic
AI2663,Mumbai (BOM),Srinagar (SXR),A20N (VT-TQS),09:40:00,09:37:01,2.98,14.160629988573769,17.140629988573767,R2,Domestic
AI2663,Mumbai (BOM),Srinagar (SXR),A20N (VT-TQM),09:40:00,10:03:07,-23.121666666666666,0.0,-23.121666666666666,R3,Domestic
AI2663,Mumbai (BOM),Srinagar (SXR),A20N (VT-TQA),09:40:00,09:47:50,-7.835,45.03727621363877,37.20227621363877,R1,Domestic
AI2663,Mumbai (BOM),Srinagar (SXR),A20N (VT-TNC),09:40:00,10:10:54,-30.90875,0.0,-30.90875,R2,Domestic
AI2663,Mumbai (BOM),Srinagar (SXR),A20N (VT-TNF),09:40:00,08:10:42,89.295,16.560993759149213,105.85599375914921,R3,Domestic
AI2663,Mumbai (BOM),Srinagar (SXR),A20N (VT-TQT),09:40:00,10:08:03,-28.060416666666665,0.0,-28.060416666666665,R1,Domestic
AI2663,Mumbai (BOM),Srinagar (SXR),A20N (VT-TNQ),09:40:00,10:16:08,-36.145,3.5364062391564075,-32.6085937608436,R2,Domestic
6E1115,Mumbai (BOM),Dhaka (DAC),A21N (VT-IML),09:40:00,08:57:38,42.36,0.0,42.36,R3,Domestic
6E1115,Mumbai (BOM),Dhaka (DAC),A21N (VT-IMZ),09:40:00,09:16:34,23.43,0.0,23.43,R1,Domestic
6E1115,Mumbai (BOM),Dhaka (DAC),A21N (VT-IBW),09:40:00,09:08:27,31.535,0.0,31.535,R2,Domestic
6E1115,Mumbai (BOM),Dhaka (DAC),A21N (VT-ICG),09:40:00,09:18:17,21.705,0.0,21.705,R3,Domestic
6E1115,Mumbai (BOM),Dhaka (DAC),A21N (VT-ICY),09:40:00,07:12:25,147.575,0.0,147.575,R1,Domestic
6E1115,Mumbai (BOM),Dhaka (DAC),A21N (VT-ICY),09:40:00,09:48:57,-8.955,0.0,-8.955,R2,Domestic
6E1115,Mumbai (BOM),Dhaka (DAC),A21N (VT-IBJ),09:40:00,09:42:56,-2.935,31.427051592209146,28.492051592209148,R3,Domestic
6E2264,Mumbai (BOM),Chandigarh (IXC),A320 (VT-IFP),09:40:00,09:47:21,-7.36,41.117931527894186,33.757931527894186,R1,Domestic
6E2264,Mumbai (BOM),Chandigarh (IXC),A20N (VT-IZE),09:40:00,09:35:30,4.485,0.0,4.485,R2,Domestic
6E2264,Mumbai (BOM),Chandigarh (IXC),A20N (VT-IIM),09:40:00,09:40:15,-0.25333333333333335,0.0,-0.25333333333333335,R3,Domestic
6E2264,Mumbai (BOM),Chandigarh (IXC),A20N (VT-IIX),09:40:00,09:34:34,5.41875,0.0,5.41875,R1,Domestic
6E2264,Mumbai (BOM),Chandigarh (IXC),A20N (VT-IIU),09:40:00,07:00:57,159.035,10.094074722616762,169.12907472261676,R2,Domestic
6E2264,Mumbai (BOM),Amritsar (ATQ),A320 (VT-IFK),09:40:00,09:39:02,0.96,60.885076145106886,61.84507614510689,R3,Domestic
6E2264,Mumbai (BOM),Chandigarh (IXC),A20N (VT-IJX),09:40:00,10:04:01,-24.017,7.592462031955601,-16.424537968044397,R1,Domestic
AI2579,Mumbai (BOM),Udaipur (UDR),A20N (VT-CIO),09:45:00,08:57:07,47.875,0.0,47.875,R2,Domestic
AI2579,Mumbai (BOM),Udaipur (UDR),A20N (VT-TYC),09:45:00,09:31:46,13.22,0.3668683307690792,13.58686833076908,R3,Domestic
AI2579,Mumbai (BOM),Udaipur (UDR),A20N (VT-TYB),09:45:00,09:20:49,24.18,105.07580768638445,129.25580768638446,R1,Domestic
AI2579,Mumbai (BOM),Udaipur (UDR),A20N (VT-TYB),09:45:00,09:30:19,14.68,1.3235699585550569,16.003569958555058,R2,Domestic
AI2579,Mumbai (BOM),Udaipur (UDR),A20N (VT-TYB),09:45:00,05:39:54,245.085,66.53163687480027,311.6166368748003,R3,Domestic
AI2579,Mumbai (BOM),Udaipur (UDR),A20N (VT-TYB),09:45:00,09:52:12,-7.21,22.50429751048171,15.294297510481709,R1,Domestic
AI2579,Mumbai (BOM),Udaipur (UDR),A20N (VT-TYE),09:45:00,09:13:11,31.805,120.0,151.805,R2,Domestic
6E5092,Mumbai (BOM),Bengaluru (BLR),A21N (VT-NCC),09:50:00,10:18:20,-28.33375,0.0,-28.33375,R3,Domestic
6E5092,Mumbai (BOM),Bengaluru (BLR),A21N (VT-NCE),09:50:00,10:32:08,-42.15,24.213289912000462,-17.936710087999536,R1,Domestic
6E5092,Mumbai (BOM),Bengaluru (BLR),A21N (VT-NCE),09:50:00,10:20:54,-30.915,104.50725663768016,73.59225663768015,R2,Domestic
6E5092,Mumbai (BOM),Bengaluru (BLR),A21N (VT-NCQ),09:50:00,10:14:09,-24.165666666666667,22.213317995431318,-1.9523486712353488,R3,Domestic
6E5092,Mumbai (BOM),Bengaluru (BLR),A21N (VT-NCD),09:50:00,09:10:10,39.83,29.77884871143562,69.60884871143563,R1,Domestic
6E5092,Mumbai (BOM),Bengaluru (BLR),A21N (VT-NCD),09:50:00,10:14:43,-24.72904166666667,35.69703714350322,10.967995476836553,R2,Domestic
6E5092,Mumbai (BOM),Bengaluru (BLR),A21N (VT-IWV),09:50:00,10:20:54,-30.915,18.183832670308526,-12.731167329691473,R3,Domestic
6E5313,Mumbai (BOM),Chennai (MAA),A21N (VT-ILD),09:55:00,09:43:10,11.825,0.0,11.825,R1,Domestic
6E5313,Mumbai (BOM),Chennai (MAA),A21N (VT-IBJ),09:55:00,10:15:14,-20.244375,26.33477585417267,6.0904008541726675,R2,Domestic
6E5313,Mumbai (BOM),Chennai (MAA),A21N (VT-IME),09:55:00,10:10:51,-15.85875,0.0,-15.85875,R3,Domestic
6E5313,Mumbai (BOM),Chennai (MAA),A21N (VT-ICQ),09:55:00,10:15:14,-20.244375,0.0,-20.244375,R1,Domestic
6E5313,Mumbai (BOM),Chennai (MAA),A21N (VT-ILH),09:55:00,07:38:34,136.425,0.0,136.425,R2,Domestic
6E5313,Mumbai (BOM),Chennai (MAA),A21N (VT-ICQ),09:55:00,10:01:36,-6.6,90.11988017582793,83.51988017582794,R3,Domestic
6E5313,Mumbai (BOM),Chennai (MAA),A21N (VT-ICC),09:55:00,10:26:53,-31.895,66.29027485360459,34.39527485360459,R1,Domestic
AI2430,Mumbai (BOM),Delhi (DEL),A20N (VT-ATV),10:00:00,10:01:47,-1.8,18.2452578587886,16.4452578587886,R2,Domestic
AI2430,Mumbai (BOM),Delhi (DEL),A20N (VT-TNE),10:00:00,10:12:55,-12.925,29.037990862169316,16.112990862169315,R3,Domestic
AI2430,Mumbai (BOM),Delhi (DEL),A20N (VT-TNI),10:00:00,10:14:28,-14.47875,0.0,-14.47875,R1,Domestic
AI2430,Mumbai (BOM),Delhi (DEL),A20N (VT-TNK),10:00:00,10:00:10,-0.16674999999999998,6.252124843081935,6.085374843081935,R2,Domestic
AI2430,Mumbai (BOM),Delhi (DEL),A20N (VT-TQO),10:00:00,08:32:42,87.295,18.691757964122964,105.98675796412297,R3,Domestic
AI2430,Mumbai (BOM),Delhi (DEL),A20N (VT-TQN),10:00:00,10:22:39,-22.66,0.0,-22.66,R1,Domestic
AI2430,Mumbai (BOM),Delhi (DEL),A20N (VT-TQK),10:00:00,10:18:03,-18.065416666666668,0.0,-18.065416666666668,R2,Domestic
6E5165,Mumbai (BOM),Kolkata (CCU),A21N (VT-IUO),10:05:00,09:44:40,20.33,2.427668532995544,22.75766853299554,R3,Domestic
6E5165,Mumbai (BOM),Kolkata (CCU),A21N (VT-ICI),10:05:00,10:22:25,-17.41875,109.94880367567703,92.53005367567702,R1,Domestic
6E5165,Mumbai (BOM),Kolkata (CCU),A21N (VT-IMI),10:05:00,10:18:54,-13.9005,120.0,106.0995,R2,Domestic
6E5165,Mumbai (BOM),Kolkata (CCU),A21N (VT-ICC),10:05:00,10:18:47,-13.795625,35.935916457383684,22.140291457383682,R3,Domestic
6E5165,Mumbai (BOM),Kolkata (CCU),A21N (VT-ICT),10:05:00,09:18:38,46.35,23.042353032362698,69.3923530323627,R1,Domestic
6E5165,Mumbai (BOM),Kolkata (CCU),A21N (VT-ILI),10:05:00,10:27:27,-22.45,11.1113790466308,-11.3386209533692,R2,Domestic
6E5165,Mumbai (BOM),Kolkata (CCU),A21N (VT-ILV),10:05:00,10:08:36,-3.6,50.4272150246399,46.8272150246399,R3,Domestic
AI2107,Mumbai (BOM),Singapore (SIN),A20N (VT-TQF),10:05:00,10:08:44,-3.74,34.62988750946447,30.889887509464465,R1,International
AI2107,Mumbai (BOM),Singapore (SIN),A20N (VT-TQF),10:05:00,10:34:54,-29.915,5.324209623014651,-24.590790376985346,R2,International
AI2107,Mumbai (BOM),Singapore (SIN),A21N (VT-TVF),10:05:00,10:16:22,-11.38,72.54903275997383,61.169032759973824,R3,International
AI2107,Mumbai (BOM),Singapore (SIN),A21N (VT-TVF),10:05:00,10:08:30,-3.50225,51.86983534101814,48.36758534101814,R1,International
AI2107,Mumbai (BOM),Singapore (SIN),A21N (VT-TVF),10:05:00,08:43:01,81.975,0.0,81.975,R2,International
AI2107,Mumbai (BOM),Singapore (SIN),A21N (VT-TVF),10:05:00,08:38:13,86.77,0.0,86.77,R3,International
AI2107,Mumbai (BOM),Singapore (SIN),A21N (VT-TVD),09:15:00,09:20:07,-5.1225,28.512120587741183,23.389620587741184,R1,International
AI2877,Mumbai (BOM),Hyderabad (HYD),A20N (VT-TQE),10:05:00,10:06:27,-1.453,16.2510751977934,14.798075197793402,R2,Domestic
AI2877,Mumbai (BOM),Hyderabad (HYD),A20N (VT-TQA),10:05:00,10:17:02,-12.045,80.97055084641354,68.92555084641354,R3,Domestic
AI2877,Mumbai (BOM),Hyderabad (HYD),A20N (VT-TQU),10:05:00,10:04:32,0.455,0.0,0.455,R1,Domestic
AI2877,Mumbai (BOM),Hyderabad (HYD),A20N (VT-TQK),10:05:00,10:01:17,3.7,0.0,3.7,R2,Domestic
AI2877,Mumbai (BOM),Hyderabad (HYD),A20N (VT-TQM),10:05:00,08:32:29,92.515,0.801624505995341,93.31662450599534,R3,Domestic
AI2877,Mumbai (BOM),Hyderabad (HYD),A20N (VT-TQK),10:05:00,10:19:27,-14.455,0.0,-14.455,R1,Domestic
AI2877,Mumbai (BOM),Hyderabad (HYD),A20N (VT-TNJ),10:05:00,10:15:08,-10.13375,49.90943168988259,39.77568168988259,R2,Domestic
6E791,Mumbai (BOM),Jabalpur (JLR),A20N (VT-ISP),10:10:00,09:55:23,14.615,120.0,134.615,R3,Domestic
6E791,Mumbai (BOM),Jabalpur (JLR),A20N (VT-IQG),10:10:00,10:24:39,-14.66,0.0,-14.66,R1,Domestic
6E791,Mumbai (BOM),Jabalpur (JLR),A20N (VT-IIL),10:10:00,10:29:58,-19.98,0.0,-19.98,R2,Domestic
6E791,Mumbai (BOM),Jabalpur (JLR),A20N (VT-IIE),10:10:00,10:18:38,-8.642000000000001,0.0,-8.642000000000001,R3,Domestic
6E791,Mumbai (BOM),Jabalpur (JLR),A20N (VT-ITR),10:10:00,08:16:43,113.28,0.0,113.28,R1,Domestic
6E791,Mumbai (BOM),Jabalpur (JLR),A320 (VT-IFN),10:10:00,10:27:12,-17.205,55.377396223009036,38.17239622300904,R2,Domestic
6E791,Mumbai (BOM),Jabalpur (JLR),A20N (VT-ITR),10:10:00,10:52:09,-42.155,0.0,-42.155,R3,Domestic
EK505,Mumbai (BOM),Dubai (DXB),B77W (A6-EGK),10:15:00,10:11:30,3.5,18.972467134193206,22.472467134193206,R1,International
EK505,Mumbai (BOM),Dubai (DXB),B77W (A6-EGX),10:15:00,10:32:07,-17.12,0.0,-17.12,R2,International
EK505,Mumbai (BOM),Dubai (DXB),B77W (A6-ENG),10:15:00,10:16:28,-1.473,9.581666764501836,8.108666764501836,R3,International
EK505,Mumbai (BOM),Dubai (DXB),B77W (A6-EGO),10:15:00,10:16:15,-1.25,0.0,-1.25,R1,International
EK505,Mumbai (BOM),Dubai (DXB),B77L (A6-EWF),10:15:00,08:22:07,112.875,60.01278420009931,172.8877842000993,R2,International
EK505,Mumbai (BOM),Dubai (DXB),B77W (A6-EGP),10:15:00,10:31:25,-16.42,0.0,-16.42,R3,International
EK505,Mumbai (BOM),Dubai (DXB),B77W (A6-EPF),10:15:00,10:05:04,9.92,120.0,129.92,R1,International
AI695,Mumbai (BOM),Varanasi (VNS),A319 (VT-SCF),10:20:00,10:29:31,-9.525,0.0,-9.525,R2,Domestic
AI695,Mumbai (BOM),Varanasi (VNS),A319 (VT-SCV),10:15:00,10:15:50,-0.8491666666666666,24.31954777924182,23.470381112575154,R3,Domestic
AI695,Mumbai (BOM),Varanasi (VNS),A319 (VT-SCF),10:30:00,10:38:29,-8.4875,43.958492706187826,35.47099270618783,R1,Domestic
AI695,Mumbai (BOM),Varanasi (VNS),A319 (VT-SCV),10:20:00,10:19:25,0.58,86.88515048623307,87.46515048623307,R2,Domestic
AI695,Mumbai (BOM),Varanasi (VNS),A319 (VT-SCF),10:20:00,08:47:52,92.12,56.84316044127737,148.96316044127738,R3,Domestic
AI695,Mumbai (BOM),Varanasi (VNS),A319 (VT-SCV),10:20:00,10:23:52,-3.8825,0.0,-3.8825,R1,Domestic
AI695,Mumbai (BOM),Varanasi (VNS),A319 (VT-SCF),10:20:00,10:19:25,0.58,17.964804821995934,18.544804821995932,R2,Domestic
6E5181,Mumbai (BOM),Indore (IDR),A21N (VT-IMZ),10:20:00,10:02:08,17.865,0.0,17.865,R3,Domestic
6E5181,Mumbai (BOM),Indore (IDR),A21N (VT-IBW),10:20:00,10:31:27,-11.4625,92.40671359325127,80.94421359325126,R1,Domestic
6E5181,Mumbai (BOM),Indore (IDR),A21N (VT-ICG),10:20:00,09:15:10,64.83,27.955431077658545,92.78543107765854,R2,Domestic
6E5181,Mumbai (BOM),Indore (IDR),A21N (VT-ICO),10:20:00,10:20:51,-0.863,0.0,-0.863,R3,Domestic
6E5181,Mumbai (BOM),Indore (IDR),A21N (VT-IBO),10:20:00,09:50:03,29.945,0.0,29.945,R1,Domestic
6E5181,Mumbai (BOM),Indore (IDR),A21N (VT-IBY),10:20:00,10:28:27,-8.455,28.88011304229215,20.425113042292153,R2,Domestic
6E5181,Mumbai (BOM),Indore (IDR),A21N (VT-ILQ),10:20:00,10:19:04,0.93,13.302613868913182,14.232613868913182,R3,Domestic
6E521,Mumbai (BOM),Amritsar (ATQ),A20N (VT-ISM),10:25:00,10:19:15,5.735,0.0,5.735,R1,Domestic
6E521,Mumbai (BOM),Amritsar (ATQ),A20N (VT-IQA),10:25:00,10:08:38,16.365,33.403238505573064,49.768238505573066,R2,Domestic
6E521,Mumbai (BOM),Durgapur (RDP),A20N (VT-IPD),10:25:00,10:41:53,-16.885,0.0,-16.885,R3,Domestic
AI633,Mumbai (BOM),Bhopal (BHO),A20N (VT-RTJ),10:25:00,09:00:42,84.3,0.0,84.3,R1,Domestic
AI633,Mumbai (BOM),Bhopal (BHO),A20N (VT-EXU),10:25:00,09:46:47,38.21,0.0,38.21,R2,Domestic
AI633,Mumbai (BOM),Bhopal (BHO),A20N (VT-RTJ),10:25:00,10:26:05,-1.085,57.35310333925452,56.268103339254516,R3,Domestic
AI633,Mumbai (BOM),Bhopal (BHO),A20N (VT-CIN),10:25:00,10:24:36,0.385,0.0,0.385,R1,Domestic
AI633,Mumbai (BOM),Bhopal (BHO),A321 (VT-PPM),10:25:00,08:24:23,120.6,24.693437429404412,145.2934374294044,R2,Domestic
AI633,Mumbai (BOM),Bhopal (BHO),A321 (VT-PPO),10:25:00,10:37:23,-12.395,62.78275929689315,50.38775929689315,R3,Domestic
AI633,Mumbai (BOM),Bhopal (BHO),A321 (VT-PPM),10:25:00,10:46:43,-21.725,15.49941941964351,-6.225580580356491,R1,Domestic
AI2994,Mumbai (BOM),Delhi (DEL),A20N (VT-TQB),10:30:00,10:31:23,-1.3841666666666668,4.316638661708969,2.932471995042302,R2,Domestic
AI2994,Mumbai (BOM),Delhi (DEL),A20N (VT-TQJ),10:30:00,10:47:30,-17.502375,0.0,-17.502375,R3,Domestic
AI2994,Mumbai (BOM),Delhi (DEL),A20N (VT-TQE),10:30:00,10:46:13,-16.231125,0.0,-16.231125,R1,Domestic
AI2994,Mumbai (BOM),Delhi (DEL),A20N (VT-TNZ),10:30:00,10:13:12,16.8,0.0,16.8,R2,Domestic
AI2994,Mumbai (BOM),Delhi (DEL),A20N (VT-TNW),10:30:00,08:37:36,112.395,36.529960433936296,148.9249604339363,R3,Domestic
AI2994,Mumbai (BOM),Delhi (DEL),A20N (VT-TNK),10:30:00,10:46:55,-16.932875,7.184444804803304,-9.748430195196695,R1,Domestic
AI2994,Mumbai (BOM),Delhi (DEL),A20N (VT-TQP),10:30:00,10:46:13,-16.231125,4.398376536848359,-11.832748463151638,R2,Domestic
6E535,Mumbai (BOM),Darbhanga (DBR),A20N (VT-IJU),10:35:00,10:13:24,21.59,0.0,21.59,R3,Domestic
6E535,Mumbai (BOM),Deoghar (DGH),A20N (VT-IPD),10:45:00,10:48:17,-3.3,12.950617845452078,9.650617845452079,R1,Domestic
6E535,Mumbai (BOM),Darbhanga (DBR),A20N (VT-IQO),10:35:00,10:57:27,-22.46,0.0,-22.46,R2,Domestic
6E535,Mumbai (BOM),Deoghar (DGH),A20N (VT-IXI),10:45:00,10:39:47,5.21,14.93945602683452,20.14945602683452,R3,Domestic
6E535,Mumbai (BOM),Darbhanga (DBR),A320 (VT-IFN),10:35:00,08:14:03,140.95,17.259586884852936,158.2095868848529,R1,Domestic
6E535,Mumbai (BOM),Darbhanga (DBR),A20N (VT-IIH),10:35:00,10:39:45,-4.765375000000001,0.0,-4.765375000000001,R2,Domestic
6E535,Mumbai (BOM),Deoghar (DGH),A20N (VT-IJQ),10:45:00,10:48:17,-3.3,12.843078432753352,9.54307843275335,R3,Domestic
6E624,Mumbai (BOM),Thiruvananthapuram (TRV),A21N (VT-ILZ),10:35:00,09:47:03,47.935,0.0,47.935,R1,Domestic
6E624,Mumbai (BOM),Thiruvananthapuram (TRV),A21N (VT-ILH),10:35:00,10:28:42,6.3,0.0,6.3,R2,Domestic
6E624,Mumbai (BOM),Thiruvananthapuram (TRV),A21N (VT-IRV),10:35:00,10:35:56,-0.9356666666666669,15.152403938975391,14.216737272308725,R3,Domestic
6E624,Mumbai (BOM),Thiruvananthapuram (TRV),A21N (VT-IMU),10:35:00,10:12:55,22.075,29.19271426059256,51.267714260592555,R1,Domestic
6E624,Mumbai (BOM),Thiruvananthapuram (TRV),A21N (VT-IML),10:35:00,07:45:11,169.805,59.494219310529196,229.2992193105292,R2,Domestic
6E624,Mumbai (BOM),Thiruvananthapuram (TRV),A21N (VT-IBJ),10:35:00,10:35:56,-0.9356666666666669,0.0,-0.9356666666666669,R3,Domestic
6E624,Mumbai (BOM),Thiruvananthapuram (TRV),A21N (VT-IRX),10:35:00,10:17:47,17.2,4.772456379445079,21.972456379445077,R1,Domestic
6E6118,Mumbai (BOM),Tiruchirapalli (TRZ),A21N (VT-ICZ),10:35:00,10:20:51,14.15,0.0,14.15,R2,Domestic
6E6118,Mumbai (BOM),Tiruchirapalli (TRZ),A21N (VT-ILC),10:35:00,10:48:10,-13.177750000000001,0.0,-13.177750000000001,R3,Domestic
6E6118,Mumbai (BOM),Tiruchirapalli (TRZ),A21N (VT-ILC),10:35:00,10:44:23,-9.39125,0.0,-9.39125,R1,Domestic
6E6118,Mumbai (BOM),Tiruchirapalli (TRZ),A21N (VT-ILC),10:35:00,10:32:58,2.028,18.437609021120924,20.465609021120923,R2,Domestic
6E6118,Mumbai (BOM),Tiruchirapalli (TRZ),A21N (VT-ICF),10:35:00,07:41:25,173.575,0.0,173.575,R3,Domestic
6E6118,Mumbai (BOM),Tiruchirapalli (TRZ),A21N (VT-ICZ),10:35:00,10:48:10,-13.177750000000001,0.0,-13.177750000000001,R1,Domestic
6E6118,Mumbai (BOM),Tiruchirapalli (TRZ),A21N (VT-ICZ),10:35:00,10:29:28,5.52,11.958480963014994,17.478480963014995,R2,Domestic
6E6087,Mumbai (BOM),Kannur (CNN),A20N (VT-IPZ),10:40:00,10:19:26,20.56,30.104588218729788,50.66458821872979,R3,Domestic
6E6087,Mumbai (BOM),Kannur (CNN),A20N (VT-IVP),10:40:00,10:54:08,-14.1375,0.0,-14.1375,R1,Domestic
6E6087,Mumbai (BOM),Kannur (CNN),A20N (VT-ITO),10:40:00,10:32:49,7.166904761904761,2.366859149287051,9.533763911191812,R2,Domestic
6E6087,Mumbai (BOM),Kannur (CNN),A320 (VT-IAX),10:40:00,10:33:47,6.208571428571429,0.0,6.208571428571429,R3,Domestic
6E6087,Mumbai (BOM),Kannur (CNN),A20N (VT-ISA),10:40:00,08:57:23,102.605,4.110552722010214,106.71555272201022,R1,Domestic
6E6087,Mumbai (BOM),Kannur (CNN),A20N (VT-IIA),10:40:00,10:43:24,-3.4066666666666667,4.942797046700189,1.5361303800335224,R2,Domestic
6E6087,Mumbai (BOM),Kannur (CNN),A20N (VT-IPR),10:40:00,10:29:00,10.99,0.0,10.99,R3,Domestic
6E5321,Mumbai (BOM),Rajkot (HSR),A21N (VT-IME),10:45:00,10:20:34,24.43,30.722521532274193,55.15252153227419,R1,Domestic
6E5321,Mumbai (BOM),Rajkot (HSR),A21N (VT-ICL),10:45:00,11:02:43,-17.727999999999998,6.022390711034449,-11.70560928896555,R2,Domestic
6E5321,Mumbai (BOM),Rajkot (HSR),A21N (VT-ICZ),10:45:00,10:55:53,-10.9,12.724179473844156,1.824179473844156,R3,Domestic
6E5321,Mumbai (BOM),Rajkot (HSR),A21N (VT-IRW),10:45:00,10:45:13,-0.225,68.12922375385074,67.90422375385074,R1,Domestic
6E5321,Mumbai (BOM),Rajkot (HSR),A21N (VT-IRZ),10:45:00,08:54:18,110.69,19.27143424939781,129.9614342493978,R2,Domestic
6E5321,Mumbai (BOM),Rajkot (HSR),A21N (VT-IMI),10:45:00,11:02:38,-17.645,33.03867250957141,15.393672509571413,R3,Domestic
6E5321,Mumbai (BOM),Rajkot (HSR),A21N (VT-IBO),10:45:00,11:02:55,-17.923333333333336,0.0,-17.923333333333336,R1,Domestic
QP1529,Mumbai (BOM),Darbhanga (DBR),B38M (VT-YAA),10:50:00,08:25:50,144.165,6.406529429852852,150.57152942985283,R2,Domestic
QP1529,Mumbai (BOM),Darbhanga (DBR),B38M (VT-YAG),10:50:00,10:52:06,-2.105,0.0,-2.105,R3,Domestic
QP1529,Mumbai (BOM),Darbhanga (DBR),B38M (VT-YAC),10:50:00,10:48:42,1.2975,5.551420321967426,6.848920321967427,R1,Domestic
QP1529,Mumbai (BOM),Darbhanga (DBR),B38M (VT-YAS),10:50:00,10:32:36,17.385,0.0,17.385,R2,Domestic
QP1529,Mumbai (BOM),Darbhanga (DBR),B38M (VT-YAA),10:50:00,08:41:17,128.705,5.844354524493238,134.54935452449325,R3,Domestic
QP1529,Mumbai (BOM),Darbhanga (DBR),B38M (VT-YAH),10:55:00,11:08:03,-13.055,0.0,-13.055,R1,Domestic
QP1529,Mumbai (BOM),Darbhanga (DBR),B38M (VT-YAL),10:55:00,11:15:29,-20.495,3.856686404800576,-16.638313595199424,R2,Domestic
AI673,Mumbai (BOM),Patna (PAT),A20N (VT-TQU),10:50:00,10:29:09,20.84,18.528880300961372,39.36888030096137,R3,Domestic
AI673,Mumbai (BOM),Patna (PAT),A20N (VT-CIO),10:50:00,10:57:05,-7.0875,6.932766190352898,-0.15473380964710248,R1,Domestic
AI673,Mumbai (BOM),Patna (PAT),A20N (VT-CIO),10:50:00,10:47:52,2.12,13.589433465327556,15.709433465327557,R2,Domestic
AI673,Mumbai (BOM),Patna (PAT),A20N (VT-CIO),10:50:00,10:42:27,7.538333333333332,21.000155541429912,28.538488874763246,R3,Domestic
AI673,Mumbai (BOM),Patna (PAT),A20N (VT-CIN),10:50:00,09:50:19,59.68,35.173723020376265,94.85372302037626,R1,Domestic
AI673,Mumbai (BOM),Patna (PAT),A20N (VT-CIN),10:50:00,10:49:16,0.725,0.0,0.725,R2,Domestic
AI673,Mumbai (BOM),Patna (PAT),A20N (VT-CIN),10:50:00,10:32:40,17.33,48.19482731478359,65.52482731478358,R3,Domestic
VS355,Mumbai (BOM),London (LHR),B789 (G-VDIA),10:55:00,11:15:20,-20.34,29.657810711018893,9.317810711018893,R1,International
VS355,Mumbai (BOM),London (LHR),B789 (G-VBZZ),10:55:00,11:37:02,-42.035,0.0,-42.035,R2,International
VS355,Mumbai (BOM),London (LHR),B789 (G-VBEL),10:55:00,11:13:48,-18.807000000000002,0.0,-18.807000000000002,R3,International
VS355,Mumbai (BOM),London (LHR),B789 (G-VMAP),10:55:00,09:02:03,112.945,76.10080639136784,189.04580639136782,R1,International
VS355,Mumbai (BOM),London (LHR),B789 (G-VZIG),10:55:00,11:26:24,-31.41,1.8906848268049021,-29.519315173195096,R2,International
VS355,Mumbai (BOM),London (LHR),B789 (G-VOOH),10:55:00,11:31:29,-36.49,9.725305293859524,-26.764694706140478,R3,International
VS355,Mumbai (BOM),London (LHR),B789 (G-VBEL),10:55:00,11:18:02,-23.04,0.0,-23.04,R1,International
6E673,Mumbai (BOM),Cochin (COK),A21N (VT-IMD),10:55:00,10:00:44,54.265,0.0,54.265,R2,Domestic
6E673,Mumbai (BOM),Cochin (COK),A21N (VT-IBU),10:55:00,10:46:39,8.345,6.119388961854014,14.464388961854015,R3,Domestic
6E673,Mumbai (BOM),Cochin (COK),A21N (VT-IUO),10:55:00,10:02:39,52.345,0.0,52.345,R1,Domestic
6E673,Mumbai (BOM),Cochin (COK),A21N (VT-IML),10:55:00,10:35:42,19.295,0.0,19.295,R2,Domestic
6E673,Mumbai (BOM),Cochin (COK),A21N (VT-IWR),10:55:00,08:37:08,137.85,19.87987694005843,157.72987694005843,R3,Domestic
6E673,Mumbai (BOM),Cochin (COK),A21N (VT-ICO),10:55:00,10:48:29,6.505,0.0,6.505,R1,Domestic
6E673,Mumbai (BOM),Cochin (COK),A21N (VT-ICL),10:55:00,10:37:04,17.93,13.809376890010535,31.739376890010533,R2,Domestic
AI611,Mumbai (BOM),Jaipur (JAI),A20N (VT-CIQ),11:00:00,10:55:38,4.362238095238095,18.62673327662753,22.988971371865624,R3,Domestic
AI611,Mumbai (BOM),Jaipur (JAI),A20N (VT-EXL),11:00:00,10:53:20,6.663,41.28686821169527,47.949868211695275,R1,Domestic
AI611,Mumbai (BOM),Jaipur (JAI),A20N (VT-CIN),11:00:00,11:12:46,-12.78,1.121188569644354,-11.658811430355644,R2,Domestic
AI611,Mumbai (BOM),Jaipur (JAI),A20N (VT-EXM),11:00:00,11:06:21,-6.355,8.728098656471916,2.3730986564719156,R3,Domestic
AI611,Mumbai (BOM),Jaipur (JAI),A20N (VT-TQK),11:00:00,09:45:15,74.735,0.0,74.735,R1,Domestic
AI611,Mumbai (BOM),Jaipur (JAI),A20N (VT-EXO),11:00:00,11:08:31,-8.53,67.6730026299184,59.1430026299184,R2,Domestic
AI611,Mumbai (BOM),Jaipur (JAI),A20N (VT-EXH),11:00:00,10:55:38,4.362238095238095,21.503373366252024,25.86561146149012,R3,Domestic
AI647,Mumbai (BOM),Jamnagar (JGA),A20N (VT-TYC),11:00:00,10:14:28,45.525,22.78588507059207,68.31088507059206,R1,Domestic
AI647,Mumbai (BOM),Jamnagar (JGA),A21N (VT-TVH),11:00:00,11:06:08,-6.15,0.0,-6.15,R2,Domestic
AI647,Mumbai (BOM),Jamnagar (JGA),A321 (VT-PPM),11:00:00,10:31:43,28.275,17.794297382506524,46.06929738250652,R3,Domestic
AI647,Mumbai (BOM),Jamnagar (JGA),A321 (VT-PPO),11:00:00,11:11:17,-11.295,22.818203971658697,11.523203971658697,R1,Domestic
AI647,Mumbai (BOM),Jamnagar (JGA),A20N (VT-CIG),11:00:00,09:01:42,118.285,8.330784097819599,126.6157840978196,R2,Domestic
AI647,Mumbai (BOM),Jamnagar (JGA),A20N (VT-EXL),11:00:00,10:57:12,2.7986666666666666,9.410238356356315,12.208905023022982,R3,Domestic
AI647,Mumbai (BOM),Jamnagar (JGA),A20N (VT-RTK),11:00:00,10:46:52,13.125,0.0,13.125,R1,Domestic
AI2444,Mumbai (BOM),Hyderabad (HYD),A20N (VT-TQC),11:00:00,10:18:06,41.9,0.0,41.9,R2,Domestic
AI2444,Mumbai (BOM),Hyderabad (HYD),A20N (VT-TNV),11:00:00,11:08:06,-8.115,11.661742837684073,3.5467428376840733,R3,Domestic
AI2444,Mumbai (BOM),Hyderabad (HYD),A20N (VT-TQC),11:00:00,10:53:12,6.785,0.0,6.785,R1,Domestic
AI2444,Mumbai (BOM),Hyderabad (HYD),A20N (VT-TQS),11:00:00,10:51:59,8.004333333333333,0.0,8.004333333333333,R2,Domestic
AI2444,Mumbai (BOM),Hyderabad (HYD),A20N (VT-TQW),11:00:00,09:23:33,96.435,0.0,96.435,R3,Domestic
AI2444,Mumbai (BOM),Hyderabad (HYD),A20N (VT-TQE),11:00:00,11:14:17,-14.3,66.36239699829073,52.06239699829074,R1,Domestic
AI2444,Mumbai (BOM),Hyderabad (HYD),A20N (VT-TQE),11:00:00,10:53:11,6.808333333333333,27.011964416386792,33.820297749720126,R2,Domestic
QP1385,Mumbai (BOM),Siliguri (IXB),B38M (VT-YAC),11:00:00,10:41:29,18.505,34.09898873679095,52.60398873679095,R3,Domestic
QP1385,Mumbai (BOM),Siliguri (IXB),B38M (VT-YAB),11:00:00,11:19:53,-19.9,0.0,-19.9,R1,Domestic
QP1385,Mumbai (BOM),Siliguri (IXB),B38M (VT-YAP),11:00:00,11:00:49,-0.8247857142857145,20.701092655466553,19.87630694118084,R2,Domestic
QP1385,Mumbai (BOM),Siliguri (IXB),B38M (VT-YBC),11:00:00,10:20:06,39.885,2.7279628355236754,42.612962835523675,R3,Domestic
QP1385,Mumbai (BOM),Siliguri (IXB),B38M (VT-YAU),11:00:00,08:57:00,122.985,23.107750898844678,146.09275089884468,R1,Domestic
QP1385,Mumbai (BOM),Siliguri (IXB),B38M (VT-YAB),11:00:00,11:22:43,-22.732083333333332,0.0,-22.732083333333332,R2,Domestic
QP1385,Mumbai (BOM),Siliguri (IXB),B38M (VT-YAK),11:00:00,10:54:27,5.54375,41.04649946425228,46.59024946425228,R3,Domestic
ET641,Mumbai (BOM),Addis Ababa (ADD),B77L (ET-ANQ),11:05:00,11:21:15,-16.25220238095238,0.0,-16.25220238095238,R1,Domestic
ET641,Mumbai (BOM),Addis Ababa (ADD),B77L (ET-ANO),11:05:00,11:59:10,-54.17,0.0,-54.17,R2,Domestic
ET641,Mumbai (BOM),Addis Ababa (ADD),B788 (ET-ATG),11:05:00,11:54:50,-49.845,10.012865407851116,-39.83213459214888,R3,Domestic
ET641,Mumbai (BOM),Addis Ababa (ADD),B77L (ET-ANQ),11:05:00,11:54:56,-49.935,0.0,-49.935,R1,Domestic
ET641,Mumbai (BOM),Addis Ababa (ADD),A359 (ET-AUA),11:05:00,09:00:46,124.22,31.14673834865585,155.36673834865584,R2,Domestic
ET641,Mumbai (BOM),Addis Ababa (ADD),B77L (ET-ANP),11:05:00,11:54:28,-49.48,0.0,-49.48,R3,Domestic
ET641,Mumbai (BOM),Addis Ababa (ADD),B788 (ET-ATG),11:05:00,11:47:55,-42.925,13.206202789554185,-29.718797210445814,R1,Domestic
SV771,Mumbai (BOM),Jeddah (JED),B77W (HZ-AK21),11:05:00,11:07:38,-2.637,0.0,-2.637,R2,Domestic
SV771,Mumbai (BOM),Jeddah (JED),B77W (HZ-AK22),11:05:00,11:35:40,-30.68,0.0,-30.68,R3,Domestic
SV771,Mumbai (BOM),Jeddah (JED),B77W (HZ-AK19),11:05:00,09:52:03,72.935,0.0,72.935,R1,Domestic
SV771,Mumbai (BOM),Jeddah (JED),B77W (HZ-AK29),11:05:00,11:16:55,-11.926666666666668,0.0,-11.926666666666668,R2,Domestic
6E1157,Mumbai (BOM),Kathmandu (KTM),A20N (VT-IPI),11:05:00,10:58:11,6.815,4.976648777694776,11.791648777694776,R3,Domestic
6E1157,Mumbai (BOM),Kathmandu (KTM),A20N (VT-IPT),11:05:00,10:56:06,8.89,0.0,8.89,R1,Domestic
6E1157,Mumbai (BOM),Kathmandu (KTM),A20N (VT-IXH),11:05:00,10:46:36,18.397285714285715,0.0,18.397285714285715,R2,Domestic
6E1157,Mumbai (BOM),Kathmandu (KTM),A20N (VT-IXP),11:05:00,10:58:20,6.66275,6.194752363637412,12.857502363637412,R3,Domestic
6E1157,Mumbai (BOM),Kathmandu (KTM),A20N (VT-IXF),11:05:00,09:06:57,118.04,10.068175446463396,128.1081754464634,R1,Domestic
6E1157,Mumbai (BOM),Kathmandu (KTM),A20N (VT-IJQ),11:05:00,10:46:36,18.397285714285715,0.0,18.397285714285715,R2,Domestic
6E1157,Mumbai (BOM),Kathmandu (KTM),A20N (VT-IPD),11:05:00,11:04:49,0.17188095238095244,0.0,0.17188095238095244,R3,Domestic
EY201,Mumbai (BOM),Abu Dhabi (AUH),A320 (A6-EIW),11:10:00,11:42:54,-32.905,0.0,-32.905,R1,Domestic
EY201,Mumbai (BOM),Abu Dhabi (AUH),A320 (A6-EIM),11:10:00,11:56:20,-46.345,22.30237050338108,-24.04262949661892,R2,Domestic
EY201,Mumbai (BOM),Abu Dhabi (AUH),A320 (A6-EIX),11:10:00,11:30:30,-20.51,0.0,-20.51,R3,Domestic
EY201,Mumbai (BOM),Abu Dhabi (AUH),A320 (A6-EIT),11:10:00,11:38:28,-28.47,120.0,91.53,R1,Domestic
EY201,Mumbai (BOM),Abu Dhabi (AUH),A320 (A6-EIP),11:10:00,09:57:31,72.48,0.0,72.48,R2,Domestic
EY201,Mumbai (BOM),Abu Dhabi (AUH),A320 (A6-EIV),11:10:00,11:16:50,-6.838333333333333,15.217739812272912,8.379406478939579,R3,Domestic
EY201,Mumbai (BOM),Abu Dhabi (AUH),A321 (A6-AEC),11:10:00,11:04:51,5.146,0.0,5.146,R1,Domestic
6E5307,Mumbai (BOM),Goa (GOI),A21N (VT-IMM),11:10:00,10:51:08,18.85,0.0,18.85,R2,Domestic
6E5307,Mumbai (BOM),Goa (GOI),A21N (VT-IMM),11:10:00,11:26:56,-16.94,50.95989102108538,34.019891021085385,R3,Domestic
6E5307,Mumbai (BOM),Goa (GOI),A21N (VT-IMM),11:10:00,11:05:41,4.315,0.0,4.315,R1,Domestic
6E5307,Mumbai (BOM),Goa (GOI),A21N (VT-IMM),11:10:00,11:04:40,5.33,5.621985983594627,10.951985983594627,R2,Domestic
6E5307,Mumbai (BOM),Goa (GOI),A21N (VT-IRV),11:10:00,09:41:09,88.84,0.0,88.84,R3,Domestic
6E5307,Mumbai (BOM),Goa (GOI),A21N (VT-IRV),11:10:00,11:19:54,-9.905,0.0,-9.905,R1,Domestic
6E5307,Mumbai (BOM),Goa (GOI),A21N (VT-IMI),11:10:00,11:07:27,2.55,24.409512657142265,26.959512657142266,R2,Domestic
6E5316,Mumbai (BOM),Bareilly (BEK),A20N (VT-IQO),11:10:00,11:00:24,9.585,0.0,9.585,R3,Domestic
6E5316,Mumbai (BOM),Agra (AGR),A20N (VT-IIH),11:10:00,11:33:15,-23.25,0.0,-23.25,R1,Domestic
6E5316,Mumbai (BOM),Bareilly (BEK),A20N (VT-IQF),11:10:00,11:11:27,-1.4622857142857142,44.02421275236266,42.561927038076945,R2,Domestic
6E5316,Mumbai (BOM),Agra (AGR),A20N (VT-IIW),11:10:00,11:05:49,4.182333333333333,6.212339464382126,10.394672797715458,R3,Domestic
6E5316,Mumbai (BOM),Bareilly (BEK),A20N (VT-IPD),11:10:00,09:07:41,122.305,0.0,122.305,R1,Domestic
6E5316,Mumbai (BOM),Bareilly (BEK),A20N (VT-IIX),11:10:00,11:31:04,-21.07,0.0,-21.07,R2,Domestic
6E5316,Mumbai (BOM),Agra (AGR),A20N (VT-ITV),11:10:00,11:09:53,0.1,0.0,0.1,R3,Domestic
6E6827,Mumbai (BOM),Delhi (DEL),A21N (VT-IWT),11:15:00,11:06:03,8.945,0.0,8.945,R1,Domestic
6E6827,Mumbai (BOM),Delhi (DEL),A21N (VT-ICM),11:15:00,11:38:50,-23.835,3.6594981643240634,-20.175501835675938,R2,Domestic
6E6827,Mumbai (BOM),Delhi (DEL),A21N (VT-ICH),11:15:00,11:17:08,-2.1443333333333334,0.0,-2.1443333333333334,R3,Domestic
6E6827,Mumbai (BOM),Delhi (DEL),A21N (VT-NCM),11:15:00,11:18:38,-3.644333333333334,10.216901053096253,6.572567719762919,R1,Domestic
6E6827,Mumbai (BOM),Delhi (DEL),A21N (VT-IWV),11:15:00,09:14:07,120.87,26.11359204877331,146.98359204877332,R2,Domestic
6E6827,Mumbai (BOM),Delhi (DEL),A21N (VT-ICF),11:15:00,11:35:52,-20.8725,5.029942583120394,-15.842557416879604,R3,Domestic
6E6827,Mumbai (BOM),Delhi (DEL),A21N (VT-NCR),11:15:00,11:13:58,1.025,19.683641340855825,20.708641340855824,R1,Domestic
9I623,Mumbai (BOM),Diu (DIU),AT76 (VT-RKL),11:15:00,09:21:31,113.48,22.816417443872336,136.29641744387234,R2,Domestic
9I623,Mumbai (BOM),Diu (DIU),AT7,13:50:00,14:08:40,-18.683333333333334,1.5964395437136398,-17.086893789619694,R3,Domestic
9I623,Mumbai (BOM),Diu (DIU),AT76 (VT-RKL),11:15:00,09:41:54,93.095,0.0,93.095,R1,Domestic
9I623,Mumbai (BOM),Diu (DIU),AT7,13:50:00,14:08:40,-18.683333333333334,4.330479804957948,-14.352853528375386,R2,Domestic
9I623,Mumbai (BOM),Diu (DIU),AT76 (VT-AIY),11:15:00,09:04:45,130.245,1.9641677631757464,132.20916776317574,R3,Domestic
9I623,Mumbai (BOM),Diu (DIU),AT7,11:15:00,11:42:50,-27.838333333333335,120.0,92.16166666666666,R1,Domestic
9I623,Mumbai (BOM),Diu (DIU),AT7,13:50:00,14:08:40,-18.683333333333334,11.673900675582608,-7.009432657750725,R2,Domestic
9I623,Mumbai (BOM),Diu (DIU),AT76 (VT-AIY),11:15:00,06:46:34,268.425,49.802118413096956,318.22711841309695,R3,Domestic
AI2632,Mumbai (BOM),Bengaluru (BLR),A20N (VT-TQW),11:20:00,11:15:29,4.505,8.816665028802042,13.321665028802041,R1,Domestic
AI2632,Mumbai (BOM),Bengaluru (BLR),A20N (VT-TQH),11:20:00,11:34:48,-14.815,0.0,-14.815,R2,Domestic
AI2632,Mumbai (BOM),Bengaluru (BLR),A20N (VT-EXV),11:20:00,11:08:49,11.178333333333333,0.0,11.178333333333333,R3,Domestic
AI2632,Mumbai (BOM),Bengaluru (BLR),A20N (VT-TQF),11:20:00,11:05:46,14.225,0.0,14.225,R1,Domestic
AI2632,Mumbai (BOM),Bengaluru (BLR),A20N (VT-TNU),11:20:00,08:32:21,167.64,19.135699321358153,186.77569932135813,R2,Domestic
AI2632,Mumbai (BOM),Bengaluru (BLR),A20N (VT-TNU),11:20:00,11:25:59,-5.99,15.922734405161332,9.932734405161332,R3,Domestic
AI2632,Mumbai (BOM),Bengaluru (BLR),A20N (VT-TQB),11:20:00,11:12:50,7.1625,0.0,7.1625,R1,Domestic
SG2905,Mumbai (BOM),Kandla (IXY),DH8D (VT-SUO),11:30:00,10:55:01,34.97,79.57668144662343,114.54668144662342,R2,Domestic
SG2905,Mumbai (BOM),Porbandar (PBD),DH8D (VT-SUO),11:30:00,11:54:48,-24.811666666666664,53.268212134253936,28.456545467587272,R3,Domestic
SG2905,Mumbai (BOM),Kandla (IXY),DH8D (VT-SUO),11:30:00,11:43:00,-13.0,100.59529168247074,87.59529168247074,R1,Domestic
SG2905,Mumbai (BOM),Kandla (IXY),DH8D (VT-SQD),11:30:00,09:17:34,132.43,3.9818562550831667,136.41185625508317,R2,Domestic
SG2905,Mumbai (BOM),Kandla (IXY),DH8D (VT-SQD),11:30:00,11:43:16,-13.27,39.376540903815226,26.106540903815226,R3,Domestic
SG2905,Mumbai (BOM),Kandla (IXY),DH8D (VT-SQD),11:30:00,10:06:54,83.085,83.58381795783721,166.6688179578372,R1,Domestic
AI2841,Mumbai (BOM),Goa (GOI),A21N (VT-TVI),11:30:00,10:59:42,30.295,5.998674291023931,36.29367429102393,R2,Domestic
AI2841,Mumbai (BOM),Goa (GOI),A21N (VT-TVI),11:30:00,11:38:27,-8.455,2.0643095241749063,-6.390690475825094,R3,Domestic
AI2841,Mumbai (BOM),Goa (GOI),A21N (VT-TVI),11:30:00,11:13:13,16.775,0.0,16.775,R1,Domestic
AI2841,Mumbai (BOM),Goa (GOI),A21N (VT-TVH),11:30:00,11:18:21,11.647499999999996,0.0,11.647499999999996,R2,Domestic
AI2841,Mumbai (BOM),Goa (GOI),A21N (VT-TVI),11:30:00,10:00:02,89.965,0.0,89.965,R3,Domestic
AI2841,Mumbai (BOM),Goa (GOI),A21N (VT-TVI),11:30:00,11:29:38,0.35450000000000004,0.0,0.35450000000000004,R1,Domestic
AI2841,Mumbai (BOM),Goa (GOI),A21N (VT-TVI),11:30:00,11:18:21,11.647499999999996,0.0,11.647499999999996,R2,Domestic
6E5217,Mumbai (BOM),Bengaluru (BLR),A21N (VT-IWU),11:30:00,11:16:06,13.895,6.755393192010688,20.65039319201069,R3,Domestic
6E5217,Mumbai (BOM),Bengaluru (BLR),A21N (VT-IWS),11:30:00,12:01:28,-31.47,5.36145596896554,-26.10854403103446,R1,Domestic
6E5217,Mumbai (BOM),Bengaluru (BLR),A21N (VT-IWT),11:30:00,11:20:21,9.635833333333332,5.383339696798521,15.019173030131853,R2,Domestic
6E5217,Mumbai (BOM),Bengaluru (BLR),A21N (VT-IWU),11:30:00,11:24:45,5.249166666666667,0.0,5.249166666666667,R3,Domestic
6E5217,Mumbai (BOM),Bengaluru (BLR),A21N (VT-NCQ),11:30:00,09:29:39,120.335,0.0,120.335,R1,Domestic
6E5217,Mumbai (BOM),Bengaluru (BLR),A21N (VT-NCH),11:30:00,11:56:34,-26.57,22.21127869038133,-4.358721309618669,R2,Domestic
6E5217,Mumbai (BOM),Bengaluru (BLR),A21N (VT-NCB),11:30:00,11:32:52,-2.875,0.0,-2.875,R3,Domestic
AI2419,Mumbai (BOM),Delhi (DEL),A20N (VT-TQP),11:40:00,11:34:55,5.075,62.91608001882997,67.99108001882998,R1,Domestic
AI2419,Mumbai (BOM),Delhi (DEL),A20N (VT-TQE),11:40:00,12:03:08,-23.145,0.0,-23.145,R2,Domestic
AI2419,Mumbai (BOM),Delhi (DEL),A20N (VT-TNS),11:40:00,11:35:11,4.801071428571429,50.88247988544209,55.68355131401351,R3,Domestic
AI2419,Mumbai (BOM),Delhi (DEL),A20N (VT-TQC),11:40:00,11:38:39,1.3491666666666666,17.34824643341641,18.697413100083075,R1,Domestic
AI2419,Mumbai (BOM),Delhi (DEL),A20N (VT-TQT),11:40:00,10:40:23,59.61,14.193586974532113,73.80358697453211,R2,Domestic
AI2419,Mumbai (BOM),Delhi (DEL),A20N (VT-EXU),11:40:00,12:03:08,-23.14,18.634831796988077,-4.505168203011923,R3,Domestic
AI2419,Mumbai (BOM),Delhi (DEL),A20N (VT-TNS),11:40:00,11:53:56,-13.941666666666668,10.759358262919262,-3.182308403747406,R1,Domestic
AI2471,Mumbai (BOM),Kolkata (CCU),A20N (VT-TQH),11:40:00,11:33:42,6.294321428571428,41.30331938810818,47.59764081667961,R2,Domestic
AI2471,Mumbai (BOM),Kolkata (CCU),A20N (VT-ATV),11:40:00,11:38:58,1.02,0.0,1.02,R3,Domestic
AI2471,Mumbai (BOM),Kolkata (CCU),A20N (VT-TQL),11:40:00,11:33:16,6.72625,7.927275929911957,14.653525929911957,R1,Domestic
AI2471,Mumbai (BOM),Kolkata (CCU),A20N (VT-TQE),11:40:00,11:30:47,9.202321428571429,68.9501954865175,78.15251691508892,R2,Domestic
AI2471,Mumbai (BOM),Kolkata (CCU),A20N (VT-TQC),11:40:00,10:38:48,61.185,0.0,61.185,R3,Domestic
AI2471,Mumbai (BOM),Kolkata (CCU),A20N (VT-TQB),11:40:00,12:05:36,-25.6,0.0,-25.6,R1,Domestic
AI2471,Mumbai (BOM),Kolkata (CCU),A20N (VT-TNF),11:40:00,11:36:18,3.687,71.08486826128879,74.77186826128879,R2,Domestic
SQ421,Mumbai (BOM),Singapore (SIN),B78X (9V-SCB),11:45:00,11:07:47,37.205,29.36397911571992,66.56897911571991,R3,International
SQ421,Mumbai (BOM),Singapore (SIN),B78X (9V-SCG),11:45:00,12:22:56,-37.94,3.7294384757333927,-34.2105615242666,R1,International
SQ421,Mumbai (BOM),Singapore (SIN),B78X (9V-SCC),11:45:00,11:48:25,-3.4210000000000003,84.31850051796627,80.89750051796626,R2,International
SQ421,Mumbai (BOM),Singapore (SIN),B78X (9V-SCP),11:45:00,11:48:25,-3.4210000000000003,0.0,-3.4210000000000003,R3,International
SQ421,Mumbai (BOM),Singapore (SIN),B78X (9V-SCN),11:45:00,10:22:53,82.1,12.234789466539281,94.33478946653928,R1,International
SQ421,Mumbai (BOM),Singapore (SIN),B78X (9V-SCO),11:45:00,12:21:46,-36.78,4.499304618492774,-32.28069538150723,R2,International
SQ421,Mumbai (BOM),Singapore (SIN),B78X (9V-SCS),11:45:00,11:42:28,2.53275,0.0,2.53275,R3,International
SQ421,Mumbai (BOM),Singapore (SIN),B78X (9V-SCL),11:45:00,12:18:55,-33.925,29.03326522688557,-4.891734773114425,R1,International
6E5206,Mumbai (BOM),Chennai (MAA),A21N (VT-ICQ),11:50:00,12:14:39,-24.66,22.872415741470846,-1.7875842585291544,R2,Domestic
6E5206,Mumbai (BOM),Chennai (MAA),A21N (VT-IMB),11:50:00,11:35:06,14.885,67.29909991609335,82.18409991609336,R3,Domestic
6E5206,Mumbai (BOM),Chennai (MAA),A21N (VT-ILD),11:50:00,11:55:58,-5.9775,0.0,-5.9775,R1,Domestic
6E5206,Mumbai (BOM),Chennai (MAA),A21N (VT-IRY),11:50:00,11:50:24,-0.4025,4.934739603790226,4.532239603790226,R2,Domestic
6E5206,Mumbai (BOM),Chennai (MAA),A21N (VT-IBY),11:50:00,10:45:00,64.995,0.0,64.995,R3,Domestic
6E5206,Mumbai (BOM),Chennai (MAA),A21N (VT-ILH),11:50:00,11:51:38,-1.643333333333333,8.570088556465137,6.926755223131805,R1,Domestic
6E5206,Mumbai (BOM),Chennai (MAA),A21N (VT-IML),11:50:00,12:04:03,-14.055,40.871041856052344,26.816041856052344,R2,Domestic
6E5097,Mumbai (BOM),Hyderabad (HYD),A21N (VT-ICW),11:55:00,11:28:53,26.11,0.0,26.11,R3,Domestic
6E5097,Mumbai (BOM),Hyderabad (HYD),A21N (VT-ILO),11:55:00,12:06:39,-11.655,0.0,-11.655,R1,Domestic
6E5097,Mumbai (BOM),Hyderabad (HYD),A21N (VT-IML),11:55:00,11:43:39,11.343333333333332,0.0,11.343333333333332,R2,Domestic
6E5097,Mumbai (BOM),Hyderabad (HYD),A21N (VT-ILG),11:55:00,11:50:20,4.65625,0.0,4.65625,R3,Domestic
6E5097,Mumbai (BOM),Hyderabad (HYD),A21N (VT-IUO),11:55:00,10:26:47,88.205,0.0,88.205,R1,Domestic
6E5097,Mumbai (BOM),Hyderabad (HYD),A21N (VT-ICG),11:55:00,12:11:30,-16.50625,51.65423890623009,35.14798890623009,R2,Domestic
6E5097,Mumbai (BOM),Hyderabad (HYD),A21N (VT-ICG),11:55:00,12:05:17,-10.29,3.51731655296332,-6.772683447036679,R3,Domestic
AI2503,Mumbai (BOM),Coimbatore (CJB),A321 (VT-PPV),12:00:00,11:53:04,6.918499999999999,0.0,6.918499999999999,R1,Domestic
AI2503,Mumbai (BOM),Coimbatore (CJB),A20N (VT-RTL),12:00:00,12:03:37,-3.625,4.091388915842125,0.46638891584212505,R2,Domestic
AI2503,Mumbai (BOM),Coimbatore (CJB),A20N (VT-RTN),12:00:00,11:44:59,15.005999999999998,0.0,15.005999999999998,R3,Domestic
AI2503,Mumbai (BOM),Coimbatore (CJB),A20N (VT-RTN),12:00:00,11:44:59,15.005999999999998,0.0,15.005999999999998,R1,Domestic
AI2503,Mumbai (BOM),Coimbatore (CJB),A20N (VT-RTK),12:00:00,10:47:08,72.86,4.872653697612485,77.73265369761248,R2,Domestic
AI2503,Mumbai (BOM),Coimbatore (CJB),A20N (VT-RTN),12:00:00,12:12:05,-12.095,7.811790673342528,-4.283209326657473,R3,Domestic
AI2503,Mumbai (BOM),Coimbatore (CJB),A20N (VT-EXQ),12:00:00,12:08:03,-8.055,0.0,-8.055,R1,Domestic
6E5276,Mumbai (BOM),Gwalior (GWL),A320 (VT-IAR),12:00:00,12:13:47,-13.79,38.19288515975084,24.402885159750838,R2,Domestic
6E5276,Mumbai (BOM),Gwalior (GWL),A320 (VT-IAX),12:00:00,11:48:44,11.250166666666667,0.0,11.250166666666667,R3,Domestic
6E5276,Mumbai (BOM),Gwalior (GWL),A20N (VT-IQG),12:00:00,11:48:26,11.564416666666666,35.52005127262851,47.08446793929517,R1,Domestic
6E5276,Mumbai (BOM),Gwalior (GWL),A20N (VT-IIH),12:00:00,11:53:37,6.372000000000001,0.0,6.372000000000001,R2,Domestic
6E5276,Mumbai (BOM),Gwalior (GWL),A20N (VT-IIS),12:00:00,10:41:30,78.495,8.702510977782298,87.1975109777823,R3,Domestic
6E5276,Mumbai (BOM),Gwalior (GWL),A20N (VT-IVY),12:00:00,12:24:24,-24.405,0.0,-24.405,R1,Domestic
6E5276,Mumbai (BOM),Gwalior (GWL),A20N (VT-IVY),12:00:00,12:19:55,-19.930666666666667,6.012038235495955,-13.918628431170713,R2,Domestic
